Workbook
Name A: #REF!
Name B: #REF!
Name CC: #REF!
Name D: #REF!
Name E: #REF!
Name F: #REF!
Name G: #REF!
Name H: '2019'!$A$1:$M$690
Name I: '2020'!$A$1:$M$661
Name J: '2021'!$A$1:$M$646
Name K: '2022'!$A$1:$M$659
Name L: '2023'!$A$1:$M$635
Name y_2020: '2020'!$A$1:$M$661
Name y_2021: '2021'!$A$1:$M$646
Name y_2022: '2022'!$A$1:$M$659
Name y_2023: '2023'!$A$1:$M$635
Name y_2029: '2019'!$A$1:$M$690

Sheet 2019
A1: Region / ALC Code | B1: Jan | C1: Feb | D1: Mar | E1: Apr | F1: May | G1: Jun | H1: Jul | I1: Aug | J1: Sep | K1: Oct | L1: Nov | M1: Dec
A2: 17210059 | B2: 17 | C2: 6 | D2: 59 | E2: 41 | F2: 14 | G2: 9 | H2: 15 | I2: 6 | J2: 6 | K2: 14 | L2: 7 | M2: 3
A3: 32210002 | B3: 5 | C3: 23 | D3: 0 | E3: 124 | F3: 55 | G3: 23 | H3: 13 | I3: 18 | J3: 11 | K3: 8 | L3: 7 | M3: 7
A4: 39210001 | B4: 12 | C4: 2 | D4: 27 | E4: 41 | F4: 21 | G4: 0 | H4: 19 | I4: 19 | J4: 3 | K4: 14 | L4: 4 | M4: 5
A5: 57210018 | B5: 5 | C5: 7 | D5: 10 | E5: 60 | F5: 40 | G5: 14 | H5: 11 | I5: 1 | J5: 10 | K5: 7 | L5: 4 | M5: 8
A6: 17210060 | B6: 151 | C6: 13 | D6: 0 | E6: 575 | F6: 63 | G6: 17 | H6: 34 | I6: 29 | J6: 10 | K6: 9 | L6: 8 | M6: 14
A7: 78210106 | B7: 1 | C7: 3 | D7: 0 | E7: 25 | F7: 0 | G7: 2 | H7: 5 | I7: 7 | J7: 0 | K7: 7 | L7: 0 | M7: 0
A8: 13210002 | B8: 0 | C8: 2 | D8: 0 | E8: 21 | F8: 1 | G8: 0 | H8: 9 | I8: 0 | J8: 5 | K8: 0 | L8: 2 | M8: 0
A9: 13210003 | B9: 12 | C9: 4 | D9: 7 | E9: 106 | F9: 17 | G9: 2 | H9: 15 | I9: 0 | J9: 7 | K9: 11 | L9: 0 | M9: 0
A10: 37210001 | B10: 18 | C10: 10 | D10: 50 | E10: 67 | F10: 10 | G10: 9 | H10: 5 | I10: 8 | J10: 4 | K10: 6 | L10: 3 | M10: 5
A11: 34210010 | B11: 4 | C11: 6 | D11: 9 | E11: 22 | F11: 11 | G11: 2 | H11: 7 | I11: 8 | J11: 8 | K11: 3 | L11: 11 | M11: 1
A12: 15210008 | B12: 9 | C12: 0 | D12: 25 | E12: 35 | F12: 18 | G12: 6 | H12: 7 | I12: 11 | J12: 0 | K12: 1 | L12: 0 | M12: 0
A13: 78210122 | B13: 0 | C13: 6 | D13: 8 | E13: 24 | F13: 9 | G13: 4 | H13: 5 | I13: 3 | J13: 0 | K13: 15 | L13: 2 | M13: 1
... A690: 26210135 | B690: 14 | C690: 4 | D690: 0 | E690: 5 | F690: 15 | G690: 8 | H690: 5 | I690: 0 | J690: 7 | K690: 0 | L690: 0 | M690: 0

Sheet 2020
A1: Region / ALC Code | B1: Jan | C1: Feb | D1: Mar | E1: Apr | F1: May | G1: Jun | H1: Jul | I1: Aug | J1: Sep | K1: Oct | L1: Nov | M1: Dec
A2: 17210059 | B2: 7 | C2: 3 | D2: 22 | E2: 42 | F2: 69 | G2: 2 | H2: 10 | I2: 20 | J2: 12 | K2: 6 | L2: 5 | M2: 0
A3: 32210002 | B3: 5 | C3: 60 | D3: 10 | E3: 98 | F3: 59 | G3: 18 | H3: 6 | I3: 8 | J3: 8 | K3: 9 | L3: 15 | M3: 0
A4: 39210001 | B4: 3 | C4: 6 | D4: 9 | E4: 0 | F4: 52 | G4: 11 | H4: 8 | I4: 5 | J4: 0 | K4: 1 | L4: 5 | M4: 0
A5: 57210018 | B5: 4 | C5: 3 | D5: 14 | E5: 18 | F5: 106 | G5: 4 | H5: 9 | I5: 5 | J5: 4 | K5: 1 | L5: 6 | M5: 0
A6: 17210060 | B6: 43 | C6: 15 | D6: 37 | E6: 263 | F6: 215 | G6: 18 | H6: 24 | I6: 22 | J6: 0 | K6: 10 | L6: 11 | M6: 0
A7: 13210003 | B7: 10 | C7: 0 | D7: 13 | E7: 0 | F7: 145 | G7: 42 | H7: 1 | I7: 8 | J7: 5 | K7: 0 | L7: 3 | M7: 0
A8: 37210001 | B8: 6 | C8: 7 | D8: 35 | E8: 40 | F8: 30 | G8: 12 | H8: 7 | I8: 7 | J8: 3 | K8: 7 | L8: 9 | M8: 0
A9: 34210010 | B9: 0 | C9: 1 | D9: 8 | E9: 0 | F9: 15 | G9: 1 | H9: 4 | I9: 0 | J9: 5 | K9: 13 | L9: 17 | M9: 0
A10: 15210008 | B10: 1 | C10: 1 | D10: 4 | E10: 10 | F10: 21 | G10: 0 | H10: 18 | I10: 8 | J10: 9 | K10: 6 | L10: 22 | M10: 0
A11: 78210122 | B11: 3 | C11: 4 | D11: 11 | E11: 12 | F11: 19 | G11: 9 | H11: 4 | I11: 3 | J11: 2 | K11: 1 | L11: 10 | M11: 0
A12: 78210188 | B12: 9 | C12: 6 | D12: 11 | E12: 0 | F12: 35 | G12: 6 | H12: 7 | I12: 9 | J12: 3 | K12: 11 | L12: 4 | M12: 0
A13: 52210005 | B13: 29 | C13: 8 | D13: 65 | E13: 40 | F13: 39 | G13: 12 | H13: 5 | I13: 12 | J13: 12 | K13: 6 | L13: 0 | M13: 0
... A661: 26210135 | B661: 8 | C661: 0 | D661: 0 | E661: 22 | F661: 25 | G661: 0 | H661: 0 | I661: 0 | J661: 7 | K661: 4 | L661: 1 | M661: 0

Sheet 2021
A1: Region / ALC Code | B1: Jan | C1: Feb | D1: Mar | E1: Apr | F1: May | G1: Jun | H1: Jul | I1: Aug | J1: Sep | K1: Oct | L1: Nov | M1: Dec
A2: 17210059 | B2: 11 | C2: 0 | D2: 0 | E2: 117 | F2: 29 | G2: 0 | H2: 16 | I2: 0 | J2: 21 | K2: 0 | L2: 21 | M2: 0
A3: 32210002 | B3: 20 | C3: 0 | D3: 0 | E3: 86 | F3: 20 | G3: 0 | H3: 26 | I3: 0 | J3: 10 | K3: 0 | L3: 15 | M3: 0
A4: 39210001 | B4: 11 | C4: 0 | D4: 0 | E4: 56 | F4: 43 | G4: 0 | H4: 18 | I4: 0 | J4: 2 | K4: 0 | L4: 7 | M4: 0
A5: 57210018 | B5: 15 | C5: 0 | D5: 14 | E5: 91 | F5: 80 | G5: 0 | H5: 36 | I5: 0 | J5: 13 | K5: 0 | L5: 15 | M5: 0
A6: 17210060 | B6: 60 | C6: 0 | D6: 0 | E6: 315 | F6: 105 | G6: 0 | H6: 37 | I6: 0 | J6: 23 | K6: 0 | L6: 19 | M6: 0
A7: 13210003 | B7: 0 | C7: 0 | D7: 0 | E7: 92 | F7: 66 | G7: 0 | H7: 12 | I7: 0 | J7: 16 | K7: 0 | L7: 5 | M7: 0
A8: 37210001 | B8: 32 | C8: 0 | D8: 12 | E8: 82 | F8: 25 | G8: 0 | H8: 15 | I8: 0 | J8: 14 | K8: 0 | L8: 0 | M8: 0
A9: 34210010 | B9: 3 | C9: 0 | D9: 0 | E9: 109 | F9: 14 | G9: 0 | H9: 7 | I9: 0 | J9: 19 | K9: 0 | L9: 14 | M9: 0
A10: 15210008 | B10: 34 | C10: 0 | D10: 0 | E10: 29 | F10: 63 | G10: 0 | H10: 0 | I10: 0 | J10: 0 | K10: 0 | L10: 16 | M10: 0
A11: 78210122 | B11: 7 | C11: 0 | D11: 3 | E11: 21 | F11: 10 | G11: 0 | H11: 20 | I11: 0 | J11: 5 | K11: 0 | L11: 18 | M11: 0
A12: 78210188 | B12: 2 | C12: 0 | D12: 0 | E12: 3 | F12: 12 | G12: 0 | H12: 5 | I12: 0 | J12: 7 | K12: 0 | L12: 2 | M12: 0
A13: 52210005 | B13: 38 | C13: 0 | D13: 0 | E13: 153 | F13: 32 | G13: 0 | H13: 31 | I13: 0 | J13: 39 | K13: 0 | L13: 22 | M13: 0
... A641: 32210285 | B641: 0 | C641: 0 | D641: 0 | E641: 0 | F641: 15 | G641: 0 | H641: 0 | I641: 0 | J641: 0 | K641: 0 | L641: 24 | M641: 0
A642: 1J210310 | B642: 0 | C642: 0 | D642: 0 | E642: 53 | F642: 19 | G642: 0 | H642: 10 | I642: 0 | J642: 7 | K642: 0 | L642: 11 | M642: 0
A643: 52210297 | B643: 23 | C643: 0 | D643: 5 | E643: 22 | F643: 9 | G643: 0 | H643: 22 | I643: 0 | J643: 5 | K643: 0 | L643: 5 | M643: 0
A644: 87210025 | B644: 0 | C644: 0 | D644: 2 | E644: 10 | F644: 5 | G644: 0 | H644: 0 | I644: 0 | J644: 5 | K644: 0 | L644: 31 | M644: 0
A645: 87210016 | B645: 7 | C645: 0 | D645: 0 | E645: 45 | F645: 14 | G645: 0 | H645: 14 | I645: 0 | J645: 4 | K645: 0 | L645: 1 | M645: 0
A646: 26210156 | B646: 0 | C646: 0 | D646: 0 | E646: 0 | F646: 25 | G646: 0 | H646: 0 | I646: 0 | J646: 0 | K646: 0 | L646: 22 | M646: 0

Sheet 2022
A1: Region / ALC Code | B1: Jan | C1: Feb | D1: Mar | E1: Apr | F1: May | G1: Jun | H1: Jul | I1: Aug | J1: Sep | K1: Oct | L1: Nov | M1: Dec
A2: 17210059 | B2: 15 | C2: 0 | D2: 15 | E2: 140 | F2: 53 | G2: 0 | H2: 21 | I2: 0 | J2: 19 | K2: 0 | L2: 30 | M2: 19
A3: 32210002 | B3: 29 | C3: 0 | D3: 0 | E3: 116 | F3: 46 | G3: 0 | H3: 34 | I3: 0 | J3: 24 | K3: 0 | L3: 20 | M3: 9
A4: 39210001 | B4: 15 | C4: 0 | D4: 0 | E4: 91 | F4: 17 | G4: 0 | H4: 12 | I4: 0 | J4: 6 | K4: 0 | L4: 6 | M4: 1
A5: 57210018 | B5: 24 | C5: 0 | D5: 13 | E5: 107 | F5: 113 | G5: 0 | H5: 22 | I5: 0 | J5: 20 | K5: 0 | L5: 28 | M5: 18
A6: 17210060 | B6: 21 | C6: 0 | D6: 0 | E6: 446 | F6: 55 | G6: 0 | H6: 44 | I6: 0 | J6: 23 | K6: 0 | L6: 40 | M6: 30
A7: 13210003 | B7: 11 | C7: 0 | D7: 0 | E7: 82 | F7: 52 | G7: 0 | H7: 22 | I7: 0 | J7: 0 | K7: 0 | L7: 25 | M7: 2
A8: 37210001 | B8: 23 | C8: 0 | D8: 5 | E8: 65 | F8: 33 | G8: 0 | H8: 22 | I8: 0 | J8: 21 | K8: 0 | L8: 35 | M8: 13
A9: 34210010 | B9: 52 | C9: 0 | D9: 0 | E9: 59 | F9: 18 | G9: 0 | H9: 29 | I9: 0 | J9: 9 | K9: 0 | L9: 16 | M9: 84
A10: 15210008 | B10: 38 | C10: 0 | D10: 0 | E10: 29 | F10: 24 | G10: 0 | H10: 0 | I10: 0 | J10: 21 | K10: 0 | L10: 34 | M10: 19
A11: 78210122 | B11: 9 | C11: 0 | D11: 9 | E11: 20 | F11: 4 | G11: 0 | H11: 19 | I11: 0 | J11: 7 | K11: 0 | L11: 31 | M11: 4
A12: 78210188 | B12: 8 | C12: 0 | D12: 0 | E12: 25 | F12: 5 | G12: 0 | H12: 6 | I12: 0 | J12: 18 | K12: 0 | L12: 41 | M12: 0
A13: 52210005 | B13: 38 | C13: 0 | D13: 0 | E13: 216 | F13: 55 | G13: 0 | H13: 16 | I13: 0 | J13: 25 | K13: 0 | L13: 15 | M13: 10
... A610: 32210285 | B610: 0 | C610: 0 | D610: 0 | E610: 0 | F610: 6 | G610: 0 | H610: 10 | I610: 0 | J610: 0 | K610: 0 | L610: 37 | M610: 0
A611: 1J210310 | B611: 10 | C611: 0 | D611: 0 | E611: 86 | F611: 29 | G611: 0 | H611: 9 | I611: 0 | J611: 20 | K611: 0 | L611: 13 | M611: 8
A612: 52210297 | B612: 30 | C612: 0 | D612: 5 | E612: 46 | F612: 38 | G612: 0 | H612: 45 | I612: 0 | J612: 12 | K612: 0 | L612: 11 | M612: 6
A613: 87210025 | B613: 13 | C613: 0 | D613: 6 | E613: 21 | F613: 10 | G613: 0 | H613: 5 | I613: 0 | J613: 0 | K613: 0 | L613: 0 | M613: 13
A614: 87210016 | B614: 0 | C614: 0 | D614: 0 | E614: 41 | F614: 11 | G614: 0 | H614: 12 | I614: 0 | J614: 1 | K614: 0 | L614: 7 | M614: 3
A615: 52210305 | B615: 0 | C615: 0 | D615: 0 | E615: 0 | F615: 0 | G615: 0 | H615: 0 | I615: 0 | J615: 0 | K615: 0 | L615: 0 | M615: 10
A616: 87210034 | B616: 0 | C616: 0 | D616: 0 | E616: 0 | F616: 0 | G616: 0 | H616: 0 | I616: 0 | J616: 0 | K616: 0 | L616: 0 | M616: 0
A617: 77210065 | B617: 0 | C617: 0 | D617: 0 | E617: 0 | F617: 0 | G617: 0 | H617: 0 | I617: 0 | J617: 0 | K617: 0 | L617: 0 | M617: 0
A618: 77210077 | B618: 0 | C618: 0 | D618: 0 | E618: 0 | F618: 0 | G618: 0 | H618: 0 | I618: 0 | J618: 0 | K618: 0 | L618: 0 | M618: 0
A619: 77210078 | B619: 0 | C619: 0 | D619: 0 | E619: 0 | F619: 0 | G619: 0 | H619: 0 | I619: 0 | J619: 0 | K619: 0 | L619: 0 | M619: 0
A620: 87210035 | B620: 0 | C620: 0 | D620: 0 | E620: 0 | F620: 0 | G620: 0 | H620: 0 | I620: 0 | J620: 0 | K620: 0 | L620: 0 | M620: 1
A621: 87210039 | B621: 0 | C621: 0 | D621: 0 | E621: 0 | F621: 0 | G621: 0 | H621: 0 | I621: 0 | J621: 0 | K621: 0 | L621: 0 | M621: 0
A622: 26210163 | B622: 0 | C622: 0 | D622: 0 | E622: 0 | F622: 0 | G622: 0 | H622: 0 | I622: 0 | J622: 0 | K622: 0 | L622: 0 | M622: 23
A623: 1J210314 | B623: 0 | C623: 0 | D623: 0 | E623: 0 | F623: 0 | G623: 0 | H623: 0 | I623: 0 | J623: 0 | K623: 0 | L623: 0 | M623: 3
A624: 46210326 | B624: 0 | C624: 0 | D624: 0 | E624: 0 | F624: 0 | G624: 0 | H624: 0 | I624: 0 | J624: 0 | K624: 0 | L624: 0 | M624: 51
A625: 23210344 | B625: 0 | C625: 0 | D625: 0 | E625: 0 | F625: 0 | G625: 0 | H625: 0 | I625: 0 | J625: 0 | K625: 0 | L625: 0 | M625: 11
A626: 77210066 | B626: 0 | C626: 0 | D626: 0 | E626: 0 | F626: 0 | G626: 0 | H626: 0 | I626: 0 | J626: 0 | K626: 0 | L626: 0 | M626: 0
A627: 78210747 | B627: 0 | C627: 0 | D627: 0 | E627: 0 | F627: 0 | G627: 0 | H627: 0 | I627: 0 | J627: 0 | K627: 0 | L627: 0 | M627: 1
A628: 52210304 | B628: 0 | C628: 0 | D628: 0 | E628: 0 | F628: 0 | G628: 0 | H628: 0 | I628: 0 | J628: 0 | K628: 0 | L628: 0 | M628: 6
A629: 77210075 | B629: 0 | C629: 0 | D629: 0 | E629: 0 | F629: 0 | G629: 0 | H629: 0 | I629: 0 | J629: 0 | K629: 0 | L629: 0 | M629: 4
A630: 10O210006 | B630: 0 | C630: 0 | D630: 0 | E630: 0 | F630: 0 | G630: 0 | H630: 0 | I630: 0 | J630: 0 | K630: 0 | L630: 0 | M630: 28
A631: 14210709 | B631: 0 | C631: 0 | D631: 0 | E631: 0 | F631: 0 | G631: 0 | H631: 0 | I631: 0 | J631: 0 | K631: 0 | L631: 0 | M631: 2
A632: 32210308 | B632: 0 | C632: 0 | D632: 0 | E632: 0 | F632: 0 | G632: 0 | H632: 0 | I632: 0 | J632: 0 | K632: 0 | L632: 0 | M632: 12
A633: 77210074 | B633: 0 | C633: 0 | D633: 0 | E633: 0 | F633: 0 | G633: 0 | H633: 0 | I633: 0 | J633: 0 | K633: 0 | L633: 0 | M633: 0
A634: 16210498 | B634: 0 | C634: 0 | D634: 0 | E634: 0 | F634: 0 | G634: 0 | H634: 0 | I634: 0 | J634: 0 | K634: 0 | L634: 0 | M634: 1
A635: 46210314 | B635: 0 | C635: 0 | D635: 0 | E635: 0 | F635: 0 | G635: 0 | H635: 0 | I635: 0 | J635: 0 | K635: 0 | L635: 0 | M635: 13
A636: 14210713 | B636: 0 | C636: 0 | D636: 0 | E636: 0 | F636: 0 | G636: 0 | H636: 0 | I636: 0 | J636: 0 | K636: 0 | L636: 0 | M636: 19
A637: 24210134 | B637: 0 | C637: 0 | D637: 0 | E637: 0 | F637: 0 | G637: 0 | H637: 0 | I637: 0 | J637: 0 | K637: 0 | L637: 0 | M637: 14
A638: 1J210319 | B638: 0 | C638: 0 | D638: 0 | E638: 0 | F638: 0 | G638: 0 | H638: 0 | I638: 0 | J638: 0 | K638: 0 | L638: 0 | M638: 0
A639: 36210210 | B639: 0 | C639: 0 | D639: 0 | E639: 0 | F639: 0 | G639: 0 | H639: 0 | I639: 0 | J639: 0 | K639: 0 | L639: 0 | M639: 10
A640: 34210233 | B640: 0 | C640: 0 | D640: 0 | E640: 0 | F640: 0 | G640: 0 | H640: 0 | I640: 0 | J640: 0 | K640: 0 | L640: 0 | M640: 0
A641: 34210231 | B641: 0 | C641: 0 | D641: 0 | E641: 0 | F641: 0 | G641: 0 | H641: 0 | I641: 0 | J641: 0 | K641: 0 | L641: 0 | M641: 17
A642: 77210079 | B642: 0 | C642: 0 | D642: 0 | E642: 0 | F642: 0 | G642: 0 | H642: 0 | I642: 0 | J642: 0 | K642: 0 | L642: 0 | M642: 0
A643: 14210710 | B643: 0 | C643: 0 | D643: 0 | E643: 0 | F643: 0 | G643: 0 | H643: 0 | I643: 0 | J643: 0 | K643: 0 | L643: 0 | M643: 0
A644: 36210212 | B644: 0 | C644: 0 | D644: 0 | E644: 0 | F644: 0 | G644: 0 | H644: 0 | I644: 0 | J644: 0 | K644: 0 | L644: 0 | M644: 1
A645: 16210500 | B645: 0 | C645: 0 | D645: 0 | E645: 0 | F645: 0 | G645: 0 | H645: 0 | I645: 0 | J645: 0 | K645: 0 | L645: 0 | M645: 0
A646: 87210037 | B646: 0 | C646: 0 | D646: 0 | E646: 0 | F646: 0 | G646: 0 | H646: 0 | I646: 0 | J646: 0 | K646: 0 | L646: 0 | M646: 3
A647: 33210359 | B647: 0 | C647: 0 | D647: 0 | E647: 0 | F647: 0 | G647: 0 | H647: 0 | I647: 0 | J647: 0 | K647: 0 | L647: 0 | M647: 1
A648: 34210225 | B648: 0 | C648: 0 | D648: 0 | E648: 0 | F648: 0 | G648: 0 | H648: 0 | I648: 0 | J648: 0 | K648: 0 | L648: 0 | M648: 49
A649: 88210027 | B649: 0 | C649: 0 | D649: 0 | E649: 0 | F649: 0 | G649: 0 | H649: 0 | I649: 0 | J649: 0 | K649: 0 | L649: 0 | M649: 1
A650: 25210110 | B650: 0 | C650: 0 | D650: 0 | E650: 0 | F650: 0 | G650: 0 | H650: 0 | I650: 0 | J650: 0 | K650: 0 | L650: 0 | M650: 0
... A658: 14210721 | B658: 0 | C658: 0 | D658: 0 | E658: 0 | F658: 0 | G658: 0 | H658: 0 | I658: 0 | J658: 0 | K658: 0 | L658: 0 | M658: 4
A659: 1J210325 | B659: 0 | C659: 0 | D659: 0 | E659: 0 | F659: 0 | G659: 0 | H659: 0 | I659: 0 | J659: 0 | K659: 0 | L659: 0 | M659: 0

Sheet 2023
A1: Region / ALC Code | B1: Jan | C1: Feb | D1: Mar | E1: Apr | F1: May | G1: Jun | H1: Jul | I1: Aug | J1: Sep | K1: Oct | L1: Nov | M1: Dec
A2: 17210059 | B2: 0 | C2: 40 | D2: 0 | E2: 166 | F2: 0 | G2: 0 | H2: 20 | I2: 27 | J2: 0 | K2: 0 | L2: 0 | M2: 0
A3: 32210002 | B3: 0 | C3: 14 | D3: 0 | E3: 126 | F3: 0 | G3: 7 | H3: 2 | I3: 5 | J3: 0 | K3: 0 | L3: 0 | M3: 0
A4: 39210001 | B4: 0 | C4: 26 | D4: 0 | E4: 57 | F4: 0 | G4: 0 | H4: 12 | I4: 10 | J4: 0 | K4: 0 | L4: 0 | M4: 0
A5: 57210018 | B5: 0 | C5: 22 | D5: 0 | E5: 163 | F5: 0 | G5: 15 | H5: 7 | I5: 11 | J5: 0 | K5: 0 | L5: 0 | M5: 0
A6: 17210060 | B6: 0 | C6: 0 | D6: 0 | E6: 555 | F6: 0 | G6: 0 | H6: 38 | I6: 33 | J6: 0 | K6: 0 | L6: 0 | M6: 0
A7: 13210003 | B7: 0 | C7: 25 | D7: 0 | E7: 59 | F7: 0 | G7: 2 | H7: 1 | I7: 0 | J7: 0 | K7: 0 | L7: 0 | M7: 0
A8: 37210001 | B8: 0 | C8: 46 | D8: 0 | E8: 88 | F8: 0 | G8: 12 | H8: 7 | I8: 13 | J8: 0 | K8: 0 | L8: 0 | M8: 0
A9: 34210010 | B9: 0 | C9: 43 | D9: 0 | E9: 67 | F9: 0 | G9: 0 | H9: 28 | I9: 9 | J9: 0 | K9: 0 | L9: 0 | M9: 0
A10: 15210008 | B10: 0 | C10: 0 | D10: 0 | E10: 43 | F10: 0 | G10: 0 | H10: 27 | I10: 0 | J10: 0 | K10: 0 | L10: 0 | M10: 0
A11: 78210122 | B11: 0 | C11: 5 | D11: 0 | E11: 22 | F11: 0 | G11: 12 | H11: 3 | I11: 8 | J11: 0 | K11: 0 | L11: 0 | M11: 0
A12: 78210188 | B12: 0 | C12: 22 | D12: 0 | E12: 49 | F12: 0 | G12: 0 | H12: 22 | I12: 20 | J12: 0 | K12: 0 | L12: 0 | M12: 0
A13: 52210005 | B13: 0 | C13: 80 | D13: 0 | E13: 92 | F13: 0 | G13: 11 | H13: 13 | I13: 24 | J13: 0 | K13: 0 | L13: 0 | M13: 0
... A585: 32210285 | B585: 0 | C585: 0 | D585: 0 | E585: 46 | F585: 0 | G585: 0 | H585: 0 | I585: 0 | J585: 0 | K585: 0 | L585: 0 | M585: 0
A586: 1J210310 | B586: 0 | C586: 60 | D586: 0 | E586: 56 | F586: 0 | G586: 0 | H586: 19 | I586: 9 | J586: 0 | K586: 0 | L586: 0 | M586: 0
A587: 52210297 | B587: 0 | C587: 27 | D587: 0 | E587: 26 | F587: 0 | G587: 11 | H587: 0 | I587: 8 | J587: 0 | K587: 0 | L587: 0 | M587: 0
A588: 87210025 | B588: 0 | C588: 0 | D588: 0 | E588: 37 | F588: 0 | G588: 11 | H588: 5 | I588: 0 | J588: 0 | K588: 0 | L588: 0 | M588: 0
A589: 87210016 | B589: 0 | C589: 13 | D589: 0 | E589: 75 | F589: 0 | G589: 14 | H589: 2 | I589: 12 | J589: 0 | K589: 0 | L589: 0 | M589: 0
A590: 52210305 | B590: 0 | C590: 50 | D590: 0 | E590: 57 | F590: 0 | G590: 0 | H590: 0 | I590: 0 | J590: 0 | K590: 0 | L590: 0 | M590: 0
A591: 87210034 | B591: 0 | C591: 0 | D591: 0 | E591: 75 | F591: 0 | G591: 5 | H591: 3 | I591: 3 | J591: 0 | K591: 0 | L591: 0 | M591: 0
A592: 77210065 | B592: 0 | C592: 15 | D592: 0 | E592: 97 | F592: 0 | G592: 7 | H592: 8 | I592: 66 | J592: 0 | K592: 0 | L592: 0 | M592: 0
A593: 77210077 | B593: 0 | C593: 0 | D593: 0 | E593: 50 | F593: 0 | G593: 0 | H593: 2 | I593: 2 | J593: 0 | K593: 0 | L593: 0 | M593: 0
A594: 77210078 | B594: 0 | C594: 0 | D594: 0 | E594: 48 | F594: 0 | G594: 0 | H594: 3 | I594: 0 | J594: 0 | K594: 0 | L594: 0 | M594: 0
A595: 87210035 | B595: 0 | C595: 4 | D595: 0 | E595: 34 | F595: 0 | G595: 11 | H595: 3 | I595: 9 | J595: 0 | K595: 0 | L595: 0 | M595: 0
A596: 87210039 | B596: 0 | C596: 0 | D596: 0 | E596: 26 | F596: 0 | G596: 3 | H596: 0 | I596: 10 | J596: 0 | K596: 0 | L596: 0 | M596: 0
A597: 26210163 | B597: 0 | C597: 15 | D597: 0 | E597: 59 | F597: 0 | G597: 9 | H597: 0 | I597: 11 | J597: 0 | K597: 0 | L597: 0 | M597: 0
A598: 1J210314 | B598: 0 | C598: 20 | D598: 0 | E598: 97 | F598: 0 | G598: 0 | H598: 12 | I598: 0 | J598: 0 | K598: 0 | L598: 0 | M598: 0
A599: 46210326 | B599: 0 | C599: 22 | D599: 0 | E599: 70 | F599: 0 | G599: 0 | H599: 2 | I599: 0 | J599: 0 | K599: 0 | L599: 0 | M599: 0
A600: 88210031 | B600: 0 | C600: 2 | D600: 0 | E600: 23 | F600: 0 | G600: 0 | H600: 4 | I600: 15 | J600: 0 | K600: 0 | L600: 0 | M600: 0
A601: 23210344 | B601: 0 | C601: 8 | D601: 0 | E601: 76 | F601: 0 | G601: 0 | H601: 6 | I601: 7 | J601: 0 | K601: 0 | L601: 0 | M601: 0
A602: 77210066 | B602: 0 | C602: 0 | D602: 0 | E602: 42 | F602: 0 | G602: 8 | H602: 2 | I602: 4 | J602: 0 | K602: 0 | L602: 0 | M602: 0
A603: 78210747 | B603: 0 | C603: 11 | D603: 0 | E603: 28 | F603: 0 | G603: 4 | H603: 2 | I603: 3 | J603: 0 | K603: 0 | L603: 0 | M603: 0
A604: 52210304 | B604: 0 | C604: 15 | D604: 0 | E604: 58 | F604: 0 | G604: 9 | H604: 11 | I604: 7 | J604: 0 | K604: 0 | L604: 0 | M604: 0
A605: 77210075 | B605: 0 | C605: 9 | D605: 0 | E605: 57 | F605: 0 | G605: 0 | H605: 12 | I605: 15 | J605: 0 | K605: 0 | L605: 0 | M605: 0
A606: 10O210006 | B606: 0 | C606: 48 | D606: 0 | E606: 90 | F606: 0 | G606: 0 | H606: 18 | I606: 12 | J606: 0 | K606: 0 | L606: 0 | M606: 0
A607: 14210709 | B607: 0 | C607: 6 | D607: 0 | E607: 4 | F607: 0 | G607: 3 | H607: 1 | I607: 3 | J607: 0 | K607: 0 | L607: 0 | M607: 0
A608: 32210308 | B608: 0 | C608: 0 | D608: 0 | E608: 37 | F608: 0 | G608: 11 | H608: 0 | I608: 31 | J608: 0 | K608: 0 | L608: 0 | M608: 0
A609: 77210074 | B609: 0 | C609: 7 | D609: 0 | E609: 20 | F609: 0 | G609: 4 | H609: 1 | I609: 15 | J609: 0 | K609: 3 | L609: 0 | M609: 0
A610: 16210498 | B610: 0 | C610: 3 | D610: 0 | E610: 13 | F610: 0 | G610: 2 | H610: 0 | I610: 9 | J610: 0 | K610: 0 | L610: 0 | M610: 0
A611: 46210314 | B611: 0 | C611: 24 | D611: 0 | E611: 60 | F611: 0 | G611: 11 | H611: 11 | I611: 16 | J611: 0 | K611: 0 | L611: 0 | M611: 0
A612: 14210713 | B612: 0 | C612: 19 | D612: 0 | E612: 31 | F612: 0 | G612: 0 | H612: 14 | I612: 13 | J612: 0 | K612: 0 | L612: 0 | M612: 0
A613: 24210134 | B613: 0 | C613: 13 | D613: 0 | E613: 25 | F613: 0 | G613: 3 | H613: 0 | I613: 7 | J613: 0 | K613: 0 | L613: 0 | M613: 0
A614: 1J210319 | B614: 0 | C614: 21 | D614: 0 | E614: 29 | F614: 0 | G614: 1 | H614: 0 | I614: 0 | J614: 0 | K614: 0 | L614: 0 | M614: 0
A615: 36210210 | B615: 0 | C615: 34 | D615: 0 | E615: 18 | F615: 0 | G615: 0 | H615: 0 | I615: 0 | J615: 0 | K615: 0 | L615: 0 | M615: 0
A616: 34210233 | B616: 0 | C616: 0 | D616: 0 | E616: 18 | F616: 0 | G616: 0 | H616: 9 | I616: 13 | J616: 0 | K616: 0 | L616: 0 | M616: 0
A617: 34210231 | B617: 0 | C617: 15 | D617: 0 | E617: 56 | F617: 0 | G617: 0 | H617: 0 | I617: 0 | J617: 0 | K617: 0 | L617: 0 | M617: 0
A618: 77210079 | B618: 0 | C618: 0 | D618: 0 | E618: 41 | F618: 0 | G618: 24 | H618: 6 | I618: 14 | J618: 0 | K618: 0 | L618: 0 | M618: 0
A619: 14210710 | B619: 0 | C619: 25 | D619: 0 | E619: 36 | F619: 0 | G619: 12 | H619: 2 | I619: 10 | J619: 0 | K619: 0 | L619: 0 | M619: 0
A620: 36210212 | B620: 0 | C620: 0 | D620: 0 | E620: 13 | F620: 0 | G620: 0 | H620: 0 | I620: 10 | J620: 0 | K620: 0 | L620: 0 | M620: 0
A621: 16210500 | B621: 0 | C621: 0 | D621: 0 | E621: 33 | F621: 0 | G621: 0 | H621: 0 | I621: 0 | J621: 0 | K621: 0 | L621: 0 | M621: 0
A622: 87210037 | B622: 0 | C622: 6 | D622: 0 | E622: 5 | F622: 0 | G622: 3 | H622: 0 | I622: 1 | J622: 0 | K622: 0 | L622: 0 | M622: 0
A623: 33210359 | B623: 0 | C623: 10 | D623: 0 | E623: 23 | F623: 0 | G623: 4 | H623: 0 | I623: 1 | J623: 0 | K623: 0 | L623: 0 | M623: 0
A624: 34210225 | B624: 0 | C624: 40 | D624: 0 | E624: 11 | F624: 0 | G624: 0 | H624: 0 | I624: 0 | J624: 0 | K624: 0 | L624: 0 | M624: 0
A625: 88210027 | B625: 0 | C625: 4 | D625: 0 | E625: 11 | F625: 0 | G625: 0 | H625: 3 | I625: 2 | J625: 0 | K625: 0 | L625: 0 | M625: 0
A626: 25210110 | B626: 0 | C626: 41 | D626: 0 | E626: 63 | F626: 0 | G626: 0 | H626: 13 | I626: 12 | J626: 0 | K626: 0 | L626: 0 | M626: 0
... A634: 14210721 | B634: 0 | C634: 0 | D634: 0 | E634: 38 | F634: 0 | G634: 0 | H634: 6 | I634: 0 | J634: 0 | K634: 0 | L634: 0 | M634: 0
A635: 1J210325 | B635: 0 | C635: 0 | D635: 0 | E635: 26 | F635: 0 | G635: 0 | H635: 4 | I635: 0 | J635: 0 | K635: 0 | L635: 0 | M635: 0

Sheet Sheet5
A3: Row Labels | B3: Count of Jan | C3: Count of Nov | D3: Count of Dec | E3: Count of Oct | F3: Count of Sep | G3: Count of Jul | H3: Count of Jun | I3: Count of Feb | J3: Count of Aug | K3: Count of May | L3: Count of Apr | M3: Count of Mar
A4: Ahmednagar | B4: 20 | C4: 20 | D4: 20 | E4: 20 | F4: 20 | G4: 20 | H4: 20 | I4: 20 | J4: 20 | K4: 20 | L4: 20 | M4: 20
A5: Akola | B5: 15 | C5: 15 | D5: 15 | E5: 15 | F5: 15 | G5: 15 | H5: 15 | I5: 15 | J5: 15 | K5: 15 | L5: 15 | M5: 15
A6: Amravati | B6: 43 | C6: 43 | D6: 43 | E6: 43 | F6: 43 | G6: 43 | H6: 43 | I6: 43 | J6: 43 | K6: 43 | L6: 43 | M6: 43
A7: Aurangabad | B7: 29 | C7: 29 | D7: 29 | E7: 29 | F7: 29 | G7: 29 | H7: 29 | I7: 29 | J7: 29 | K7: 29 | L7: 29 | M7: 29
A8: Beed | B8: 15 | C8: 15 | D8: 15 | E8: 15 | F8: 15 | G8: 15 | H8: 15 | I8: 15 | J8: 15 | K8: 15 | L8: 15 | M8: 15
A9: Bhandara | B9: 13 | C9: 13 | D9: 13 | E9: 13 | F9: 13 | G9: 13 | H9: 13 | I9: 13 | J9: 13 | K9: 13 | L9: 13 | M9: 13
A10: Buldhana | B10: 19 | C10: 19 | D10: 19 | E10: 19 | F10: 19 | G10: 19 | H10: 19 | I10: 19 | J10: 19 | K10: 19 | L10: 19 | M10: 19
A11: Chandrapur | B11: 21 | C11: 21 | D11: 21 | E11: 21 | F11: 21 | G11: 21 | H11: 21 | I11: 21 | J11: 21 | K11: 21 | L11: 21 | M11: 21
A12: Dhule | B12: 13 | C12: 13 | D12: 13 | E12: 13 | F12: 13 | G12: 13 | H12: 13 | I12: 13 | J12: 13 | K12: 13 | L12: 13 | M12: 13
A13: Gadchiroli | B13: 4 | C13: 4 | D13: 4 | E13: 4 | F13: 4 | G13: 4 | H13: 4 | I13: 4 | J13: 4 | K13: 4 | L13: 4 | M13: 4
A14: Gondiya | B14: 11 | C14: 11 | D14: 11 | E14: 11 | F14: 11 | G14: 11 | H14: 11 | I14: 11 | J14: 11 | K14: 11 | L14: 11 | M14: 11
A15: Hingoli | B15: 3 | C15: 3 | D15: 3 | E15: 3 | F15: 3 | G15: 3 | H15: 3 | I15: 3 | J15: 3 | K15: 3 | L15: 3 | M15: 3
... A41: Grand Total | B41: 635 | C41: 635 | D41: 635 | E41: 635 | F41: 635 | G41: 635 | H41: 635 | I41: 635 | J41: 635 | K41: 635 | L41: 635 | M41: 635

Sheet MASTER DATA
A1: Sr.No. | B1: Center Code | C1: Center Name | D1: Center Category | E1: Area Type | F1: City | G1: Taluka | H1: District | I1: State | J1: Address | K1: Mobile | L1: Phone | M1: Email | N1: DM | O1: Jan | P1: Feb | Q1: Mar | R1: Apr | S1: May | T1: Jun | U1: Jul | V1: Aug | W1: Sep | X1: Oct | Y1: Nov | Z1: Dec
A2: 1 | B2: 17210060 | C2: Shubham Computer Education | D2: MS-CIT Renewed | E2: Urban | F2: Sangamner | G2: Sangamner | H2: Ahmednagar | I2: Maharashtra | J2: 5,FIRST FLOOR NAGARPALIKA SHOPPING CENTER NEW NAGAR ROAD, SANGAMNERSANGAMNER-422605 | K2: 9822056842 | L2: 02425-226981 | M2: 17210060@mkcl.org | N2: Sambhaji Tagad | O2: =VLOOKUP($B2,Sheet4!$A$1:$M$4092,MATCH('MASTER DATA'!O$1,Sheet4!$A$1:$M$1,0),0) -> 275 | P2: =VLOOKUP($B2,Sheet4!$A$1:$M$4092,MATCH('MASTER DATA'!P$1,Sheet4!$A$1:$M$1,0),0) -> 28 | Q2: =VLOOKUP($B2,Sheet4!$A$1:$M$4092,MATCH('MASTER DATA'!Q$1,Sheet4!$A$1:$M$1,0),0) -> 37 | R2: =VLOOKUP($B2,Sheet4!$A$1:$M$4092,MATCH('MASTER DATA'!R$1,Sheet4!$A$1:$M$1,0),0) -> 2154 | S2: =VLOOKUP($B2,Sheet4!$A$1:$M$4092,MATCH('MASTER DATA'!S$1,Sheet4!$A$1:$M$1,0),0) -> 438 | T2: =VLOOKUP($B2,Sheet4!$A$1:$M$4092,MATCH('MASTER DATA'!T$1,Sheet4!$A$1:$M$1,0),0) -> 35 | U2: =VLOOKUP($B2,Sheet4!$A$1:$M$4092,MATCH('MASTER DATA'!U$1,Sheet4!$A$1:$M$1,0),0) -> 177 | V2: =VLOOKUP($B2,Sheet4!$A$1:$M$4092,MATCH('MASTER DATA'!V$1,Sheet4!$A$1:$M$1,0),0) -> 84 | ... Z2: =VLOOKUP($B2,Sheet4!$A$1:$M$4092,MATCH('MASTER DATA'!Z$1,Sheet4!$A$1:$M$1,0),0) -> 44
A3: 2 | B3: 17210010 | C3: Ideal Computers | D3: MS-CIT Renewed | E3: Urban | F3: Sangamner | G3: Sangamner | H3: Ahmednagar | I3: Maharashtra | J3: GANESH NAGAR, RIDHI SIDHI APPT. NEAR GANESH MANDIR, SANGAMNERSANGAMNER-422605 | K3: 9890179748 | L3: 02425-226748 | M3: 17210010@mkcl.org | N3: Sambhaji Tagad | O3: =VLOOKUP($B3,Sheet4!$A$1:$M$4092,MATCH('MASTER DATA'!O$1,Sheet4!$A$1:$M$1,0),0) -> 51 | P3: =VLOOKUP($B3,Sheet4!$A$1:$M$4092,MATCH('MASTER DATA'!P$1,Sheet4!$A$1:$M$1,0),0) -> 20 | Q3: =VLOOKUP($B3,Sheet4!$A$1:$M$4092,MATCH('MASTER DATA'!Q$1,Sheet4!$A$1:$M$1,0),0) -> 111 | R3: =VLOOKUP($B3,Sheet4!$A$1:$M$4092,MATCH('MASTER DATA'!R$1,Sheet4!$A$1:$M$1,0),0) -> 779 | S3: =VLOOKUP($B3,Sheet4!$A$1:$M$4092,MATCH('MASTER DATA'!S$1,Sheet4!$A$1:$M$1,0),0) -> 207 | T3: =VLOOKUP($B3,Sheet4!$A$1:$M$4092,MATCH('MASTER DATA'!T$1,Sheet4!$A$1:$M$1,0),0) -> 5 | U3: =VLOOKUP($B3,Sheet4!$A$1:$M$4092,MATCH('MASTER DATA'!U$1,Sheet4!$A$1:$M$1,0),0) -> 122 | V3: =VLOOKUP($B3,Sheet4!$A$1:$M$4092,MATCH('MASTER DATA'!V$1,Sheet4!$A$1:$M$1,0),0) -> 61 | ... Z3: =VLOOKUP($B3,Sheet4!$A$1:$M$4092,MATCH('MASTER DATA'!Z$1,Sheet4!$A$1:$M$1,0),0) -> 33
A4: 3 | B4: 17210034 | C4: Cybernet Systems | D4: MS-CIT Renewed | E4: Urban | F4: Kopargaon | G4: Kopargaon | H4: Ahmednagar | I4: Maharashtra | J4: 1ST FLOOR, ABOVE SWASTIK MEDICAL, OPP. OLD MUNICIPAL CORPORATION BUILDING, BHAGWAN MAHAVIR PATH, KOPARGAONKOPARGAON-423601 | K4: 9370332866 | L4: 02423-222366 | M4: 17210034@mkcl.org | N4: Sambhaji Tagad | O4: =VLOOKUP($B4,Sheet4!$A$1:$M$4092,MATCH('MASTER DATA'!O$1,Sheet4!$A$1:$M$1,0),0) -> 99 | P4: =VLOOKUP($B4,Sheet4!$A$1:$M$4092,MATCH('MASTER DATA'!P$1,Sheet4!$A$1:$M$1,0),0) -> 33 | Q4: =VLOOKUP($B4,Sheet4!$A$1:$M$4092,MATCH('MASTER DATA'!Q$1,Sheet4!$A$1:$M$1,0),0) -> 156 | R4: =VLOOKUP($B4,Sheet4!$A$1:$M$4092,MATCH('MASTER DATA'!R$1,Sheet4!$A$1:$M$1,0),0) -> 1079 | S4: =VLOOKUP($B4,Sheet4!$A$1:$M$4092,MATCH('MASTER DATA'!S$1,Sheet4!$A$1:$M$1,0),0) -> 301 | T4: =VLOOKUP($B4,Sheet4!$A$1:$M$4092,MATCH('MASTER DATA'!T$1,Sheet4!$A$1:$M$1,0),0) -> 34 | U4: =VLOOKUP($B4,Sheet4!$A$1:$M$4092,MATCH('MASTER DATA'!U$1,Sheet4!$A$1:$M$1,0),0) -> 102 | V4: =VLOOKUP($B4,Sheet4!$A$1:$M$4092,MATCH('MASTER DATA'!V$1,Sheet4!$A$1:$M$1,0),0) -> 59 | ... Z4: =VLOOKUP($B4,Sheet4!$A$1:$M$4092,MATCH('MASTER DATA'!Z$1,Sheet4!$A$1:$M$1,0),0) -> 16
A5: 4 | B5: 17210059 | C5: Sai Computer Education | D5: MS-CIT Renewed | E5: Urban | F5: Rahuri | G5: Rahuri | H5: Ahmednagar | I5: Maharashtra | J5: SAI COMPUTER EDUCATION, NEAR M.P SOCIETY,MARKET YARDRAHURI-413705 | K5: 9371761331 | L5: 02426-232205 | M5: 17210059@mkcl.org | N5: Sambhaji Tagad | O5: =VLOOKUP($B5,Sheet4!$A$1:$M$4092,MATCH('MASTER DATA'!O$1,Sheet4!$A$1:$M$1,0),0) -> 50 | P5: =VLOOKUP($B5,Sheet4!$A$1:$M$4092,MATCH('MASTER DATA'!P$1,Sheet4!$A$1:$M$1,0),0) -> 49 | Q5: =VLOOKUP($B5,Sheet4!$A$1:$M$4092,MATCH('MASTER DATA'!Q$1,Sheet4!$A$1:$M$1,0),0) -> 96 | R5: =VLOOKUP($B5,Sheet4!$A$1:$M$4092,MATCH('MASTER DATA'!R$1,Sheet4!$A$1:$M$1,0),0) -> 506 | S5: =VLOOKUP($B5,Sheet4!$A$1:$M$4092,MATCH('MASTER DATA'!S$1,Sheet4!$A$1:$M$1,0),0) -> 165 | T5: =VLOOKUP($B5,Sheet4!$A$1:$M$4092,MATCH('MASTER DATA'!T$1,Sheet4!$A$1:$M$1,0),0) -> 11 | U5: =VLOOKUP($B5,Sheet4!$A$1:$M$4092,MATCH('MASTER DATA'!U$1,Sheet4!$A$1:$M$1,0),0) -> 82 | V5: =VLOOKUP($B5,Sheet4!$A$1:$M$4092,MATCH('MASTER DATA'!V$1,Sheet4!$A$1:$M$1,0),0) -> 53 | ... Z5: =VLOOKUP($B5,Sheet4!$A$1:$M$4092,MATCH('MASTER DATA'!Z$1,Sheet4!$A$1:$M$1,0),0) -> 22
A6: 5 | B6: 17210096 | C6: Unitech Computer Education | D6: MS-CIT Renewed | E6: Rural | F6: Ashvi Kd. | G6: Sangamner | H6: Ahmednagar | I6: Maharashtra | J6: ASHVI KHURDASHVI KD.-413738 | K6: 9503984929 | L6: 02425-241491 | M6: 17210096@mkcl.org | N6: Sambhaji Tagad | O6: =VLOOKUP($B6,Sheet4!$A$1:$M$4092,MATCH('MASTER DATA'!O$1,Sheet4!$A$1:$M$1,0),0) -> 0 | P6: =VLOOKUP($B6,Sheet4!$A$1:$M$4092,MATCH('MASTER DATA'!P$1,Sheet4!$A$1:$M$1,0),0) -> 0 | Q6: =VLOOKUP($B6,Sheet4!$A$1:$M$4092,MATCH('MASTER DATA'!Q$1,Sheet4!$A$1:$M$1,0),0) -> 0 | R6: =VLOOKUP($B6,Sheet4!$A$1:$M$4092,MATCH('MASTER DATA'!R$1,Sheet4!$A$1:$M$1,0),0) -> 124 | S6: =VLOOKUP($B6,Sheet4!$A$1:$M$4092,MATCH('MASTER DATA'!S$1,Sheet4!$A$1:$M$1,0),0) -> 135 | T6: =VLOOKUP($B6,Sheet4!$A$1:$M$4092,MATCH('MASTER DATA'!T$1,Sheet4!$A$1:$M$1,0),0) -> 0 | U6: =VLOOKUP($B6,Sheet4!$A$1:$M$4092,MATCH('MASTER DATA'!U$1,Sheet4!$A$1:$M$1,0),0) -> 39 | V6: =VLOOKUP($B6,Sheet4!$A$1:$M$4092,MATCH('MASTER DATA'!V$1,Sheet4!$A$1:$M$1,0),0) -> 3 | ... Z6: =VLOOKUP($B6,Sheet4!$A$1:$M$4092,MATCH('MASTER DATA'!Z$1,Sheet4!$A$1:$M$1,0),0) -> 0
A7: 6 | B7: 17210107 | C7: Kalpesh Computer Education | D7: MS-CIT Renewed | E7: Rural | F7: Sangamner | G7: Sangamner | H7: Ahmednagar | I7: Maharashtra | J7: NEAR GRAMSACHIVALAY, SAKURSANGAMNER-422622 | K7: 9011711185 | L7: 02425-275043 | M7: 17210107@mkcl.org | N7: Sambhaji Tagad | O7: =VLOOKUP($B7,Sheet4!$A$1:$M$4092,MATCH('MASTER DATA'!O$1,Sheet4!$A$1:$M$1,0),0) -> 48 | P7: =VLOOKUP($B7,Sheet4!$A$1:$M$4092,MATCH('MASTER DATA'!P$1,Sheet4!$A$1:$M$1,0),0) -> 14 | Q7: =VLOOKUP($B7,Sheet4!$A$1:$M$4092,MATCH('MASTER DATA'!Q$1,Sheet4!$A$1:$M$1,0),0) -> 33 | R7: =VLOOKUP($B7,Sheet4!$A$1:$M$4092,MATCH('MASTER DATA'!R$1,Sheet4!$A$1:$M$1,0),0) -> 522 | S7: =VLOOKUP($B7,Sheet4!$A$1:$M$4092,MATCH('MASTER DATA'!S$1,Sheet4!$A$1:$M$1,0),0) -> 442 | T7: =VLOOKUP($B7,Sheet4!$A$1:$M$4092,MATCH('MASTER DATA'!T$1,Sheet4!$A$1:$M$1,0),0) -> 4 | U7: =VLOOKUP($B7,Sheet4!$A$1:$M$4092,MATCH('MASTER DATA'!U$1,Sheet4!$A$1:$M$1,0),0) -> 29 | V7: =VLOOKUP($B7,Sheet4!$A$1:$M$4092,MATCH('MASTER DATA'!V$1,Sheet4!$A$1:$M$1,0),0) -> 19 | ... Z7: =VLOOKUP($B7,Sheet4!$A$1:$M$4092,MATCH('MASTER DATA'!Z$1,Sheet4!$A$1:$M$1,0),0) -> 9
A8: 7 | B8: 17210112 | C8: Vimal Computers | D8: MS-CIT Renewed | E8: Rural | F8: Kolpewadi | G8: Kopargaon | H8: Ahmednagar | I8: Maharashtra | J8: AT. NEAR GAUTAM PUBLIC SCHOOL KOLPEWADI KOPARGAONKOLPEWADI-423602 | K8: 9890684382 | L8: 02423-262179 | M8: 17210112@mkcl.org | N8: Sambhaji Tagad | O8: =VLOOKUP($B8,Sheet4!$A$1:$M$4092,MATCH('MASTER DATA'!O$1,Sheet4!$A$1:$M$1,0),0) -> 50 | P8: =VLOOKUP($B8,Sheet4!$A$1:$M$4092,MATCH('MASTER DATA'!P$1,Sheet4!$A$1:$M$1,0),0) -> 21 | Q8: =VLOOKUP($B8,Sheet4!$A$1:$M$4092,MATCH('MASTER DATA'!Q$1,Sheet4!$A$1:$M$1,0),0) -> 89 | R8: =VLOOKUP($B8,Sheet4!$A$1:$M$4092,MATCH('MASTER DATA'!R$1,Sheet4!$A$1:$M$1,0),0) -> 283 | S8: =VLOOKUP($B8,Sheet4!$A$1:$M$4092,MATCH('MASTER DATA'!S$1,Sheet4!$A$1:$M$1,0),0) -> 24 | T8: =VLOOKUP($B8,Sheet4!$A$1:$M$4092,MATCH('MASTER DATA'!T$1,Sheet4!$A$1:$M$1,0),0) -> 8 | U8: =VLOOKUP($B8,Sheet4!$A$1:$M$4092,MATCH('MASTER DATA'!U$1,Sheet4!$A$1:$M$1,0),0) -> 15 | V8: =VLOOKUP($B8,Sheet4!$A$1:$M$4092,MATCH('MASTER DATA'!V$1,Sheet4!$A$1:$M$1,0),0) -> 11 | ... Z8: =VLOOKUP($B8,Sheet4!$A$1:$M$4092,MATCH('MASTER DATA'!Z$1,Sheet4!$A$1:$M$1,0),0) -> 8
A9: 8 | B9: 17210149 | C9: Venus Computer | D9: MS-CIT Renewed | E9: Urban | F9: Sangamner | G9: Sangamner | H9: Ahmednagar | I9: Maharashtra | J9: ABOVE DR. HEMANT SHINDE SAI SONOGRAPHY, 1ST FLOOR, SAI COMPLEX, NEAR POST OFFICE, NEW NAGAR ROAD, SANGAMNER - 422605 TEL 02425 - 223418 SANGAMNER-422605 | K9: 9822041222 | L9: 02425-223418 | M9: 17210149@mkcl.org | N9: Sambhaji Tagad | O9: =VLOOKUP($B9,Sheet4!$A$1:$M$4092,MATCH('MASTER DATA'!O$1,Sheet4!$A$1:$M$1,0),0) -> 47 | P9: =VLOOKUP($B9,Sheet4!$A$1:$M$4092,MATCH('MASTER DATA'!P$1,Sheet4!$A$1:$M$1,0),0) -> 28 | Q9: =VLOOKUP($B9,Sheet4!$A$1:$M$4092,MATCH('MASTER DATA'!Q$1,Sheet4!$A$1:$M$1,0),0) -> 91 | R9: =VLOOKUP($B9,Sheet4!$A$1:$M$4092,MATCH('MASTER DATA'!R$1,Sheet4!$A$1:$M$1,0),0) -> 301 | S9: =VLOOKUP($B9,Sheet4!$A$1:$M$4092,MATCH('MASTER DATA'!S$1,Sheet4!$A$1:$M$1,0),0) -> 186 | T9: =VLOOKUP($B9,Sheet4!$A$1:$M$4092,MATCH('MASTER DATA'!T$1,Sheet4!$A$1:$M$1,0),0) -> 24 | U9: =VLOOKUP($B9,Sheet4!$A$1:$M$4092,MATCH('MASTER DATA'!U$1,Sheet4!$A$1:$M$1,0),0) -> 45 | V9: =VLOOKUP($B9,Sheet4!$A$1:$M$4092,MATCH('MASTER DATA'!V$1,Sheet4!$A$1:$M$1,0),0) -> 15 | ... Z9: =VLOOKUP($B9,Sheet4!$A$1:$M$4092,MATCH('MASTER DATA'!Z$1,Sheet4!$A$1:$M$1,0),0) -> 1
A10: 9 | B10: 17210161 | C10: Shree Computer | D10: MS-CIT Renewed | E10: Rural | F10: Belwandi | G10: Shrigonda | H10: Ahmednagar | I10: Maharashtra | J10: PLOT NO 842/2/20, SHIVALAYA APARTMENT, SHREENATH NAGAR BELWANDI BK BELWANDI-413702 | K10: 9850666966 | L10: 02487-250075 | M10: 17210161@mkcl.org | N10: Sambhaji Tagad | O10: =VLOOKUP($B10,Sheet4!$A$1:$M$4092,MATCH('MASTER DATA'!O$1,Sheet4!$A$1:$M$1,0),0) -> 12 | P10: =VLOOKUP($B10,Sheet4!$A$1:$M$4092,MATCH('MASTER DATA'!P$1,Sheet4!$A$1:$M$1,0),0) -> 1 | Q10: =VLOOKUP($B10,Sheet4!$A$1:$M$4092,MATCH('MASTER DATA'!Q$1,Sheet4!$A$1:$M$1,0),0) -> 118 | R10: =VLOOKUP($B10,Sheet4!$A$1:$M$4092,MATCH('MASTER DATA'!R$1,Sheet4!$A$1:$M$1,0),0) -> 821 | S10: =VLOOKUP($B10,Sheet4!$A$1:$M$4092,MATCH('MASTER DATA'!S$1,Sheet4!$A$1:$M$1,0),0) -> 60 | T10: =VLOOKUP($B10,Sheet4!$A$1:$M$4092,MATCH('MASTER DATA'!T$1,Sheet4!$A$1:$M$1,0),0) -> 4 | U10: =VLOOKUP($B10,Sheet4!$A$1:$M$4092,MATCH('MASTER DATA'!U$1,Sheet4!$A$1:$M$1,0),0) -> 27 | V10: =VLOOKUP($B10,Sheet4!$A$1:$M$4092,MATCH('MASTER DATA'!V$1,Sheet4!$A$1:$M$1,0),0) -> 8 | ... Z10: =VLOOKUP($B10,Sheet4!$A$1:$M$4092,MATCH('MASTER DATA'!Z$1,Sheet4!$A$1:$M$1,0),0) -> 3
A11: 10 | B11: 17210168 | C11: Unique Computer Education | D11: MS-CIT Renewed | E11: Rural | F11: Kolpewadi | G11: Kopargaon | H11: Ahmednagar | I11: Maharashtra | J11: A/P - KOLPEWADIKOLPEWADI-423602 | K11: 9421560411 | L11: 02423-261411 | M11: 17210168@mkcl.org | N11: Sambhaji Tagad | O11: =VLOOKUP($B11,Sheet4!$A$1:$M$4092,MATCH('MASTER DATA'!O$1,Sheet4!$A$1:$M$1,0),0) -> 14 | P11: =VLOOKUP($B11,Sheet4!$A$1:$M$4092,MATCH('MASTER DATA'!P$1,Sheet4!$A$1:$M$1,0),0) -> 26 | Q11: =VLOOKUP($B11,Sheet4!$A$1:$M$4092,MATCH('MASTER DATA'!Q$1,Sheet4!$A$1:$M$1,0),0) -> 87 | R11: =VLOOKUP($B11,Sheet4!$A$1:$M$4092,MATCH('MASTER DATA'!R$1,Sheet4!$A$1:$M$1,0),0) -> 597 | S11: =VLOOKUP($B11,Sheet4!$A$1:$M$4092,MATCH('MASTER DATA'!S$1,Sheet4!$A$1:$M$1,0),0) -> 51 | T11: =VLOOKUP($B11,Sheet4!$A$1:$M$4092,MATCH('MASTER DATA'!T$1,Sheet4!$A$1:$M$1,0),0) -> 8 | U11: =VLOOKUP($B11,Sheet4!$A$1:$M$4092,MATCH('MASTER DATA'!U$1,Sheet4!$A$1:$M$1,0),0) -> 34 | V11: =VLOOKUP($B11,Sheet4!$A$1:$M$4092,MATCH('MASTER DATA'!V$1,Sheet4!$A$1:$M$1,0),0) -> 14 | ... Z11: =VLOOKUP($B11,Sheet4!$A$1:$M$4092,MATCH('MASTER DATA'!Z$1,Sheet4!$A$1:$M$1,0),0) -> 4
A12: 11 | B12: 17210234 | C12: Sushil Computer Clasess | D12: MS-CIT Renewed | E12: Urban | F12: Pathardi | G12: Pathardi | H12: Ahmednagar | I12: Maharashtra | J12: NAGAR ROAD, PATHARDI, TAL-PATHARDI, DIST-AHMEDNAGARPATHARDI-414102 | K12: 9423046448 | L12: 02428-221148 | M12: 17210234@mkcl.org | N12: Sambhaji Tagad | O12: =VLOOKUP($B12,Sheet4!$A$1:$M$4092,MATCH('MASTER DATA'!O$1,Sheet4!$A$1:$M$1,0),0) -> 159 | P12: =VLOOKUP($B12,Sheet4!$A$1:$M$4092,MATCH('MASTER DATA'!P$1,Sheet4!$A$1:$M$1,0),0) -> 126 | Q12: =VLOOKUP($B12,Sheet4!$A$1:$M$4092,MATCH('MASTER DATA'!Q$1,Sheet4!$A$1:$M$1,0),0) -> 199 | R12: =VLOOKUP($B12,Sheet4!$A$1:$M$4092,MATCH('MASTER DATA'!R$1,Sheet4!$A$1:$M$1,0),0) -> 459 | S12: =VLOOKUP($B12,Sheet4!$A$1:$M$4092,MATCH('MASTER DATA'!S$1,Sheet4!$A$1:$M$1,0),0) -> 149 | T12: =VLOOKUP($B12,Sheet4!$A$1:$M$4092,MATCH('MASTER DATA'!T$1,Sheet4!$A$1:$M$1,0),0) -> 49 | U12: =VLOOKUP($B12,Sheet4!$A$1:$M$4092,MATCH('MASTER DATA'!U$1,Sheet4!$A$1:$M$1,0),0) -> 182 | V12: =VLOOKUP($B12,Sheet4!$A$1:$M$4092,MATCH('MASTER DATA'!V$1,Sheet4!$A$1:$M$1,0),0) -> 83 | ... Z12: =VLOOKUP($B12,Sheet4!$A$1:$M$4092,MATCH('MASTER DATA'!Z$1,Sheet4!$A$1:$M$1,0),0) -> 63
A13: 12 | B13: 17210273 | C13: SHUBHAM COMPUTERS, NIMON | D13: MS-CIT Renewed | E13: Rural | F13: NIMON | G13: Sangamner | H13: Ahmednagar | I13: Maharashtra | J13: OPP. S.T. STAND, CHAITANYA COMPLEX, LONI-NANDUR ROAD, NIMONNIMON-422611 | K13: 9850448553 | L13: 02425-264111 | M13: 17210273@mkcl.org | N13: Sambhaji Tagad | O13: =VLOOKUP($B13,Sheet4!$A$1:$M$4092,MATCH('MASTER DATA'!O$1,Sheet4!$A$1:$M$1,0),0) -> 13 | P13: =VLOOKUP($B13,Sheet4!$A$1:$M$4092,MATCH('MASTER DATA'!P$1,Sheet4!$A$1:$M$1,0),0) -> 0 | Q13: =VLOOKUP($B13,Sheet4!$A$1:$M$4092,MATCH('MASTER DATA'!Q$1,Sheet4!$A$1:$M$1,0),0) -> 0 | R13: =VLOOKUP($B13,Sheet4!$A$1:$M$4092,MATCH('MASTER DATA'!R$1,Sheet4!$A$1:$M$1,0),0) -> 254 | S13: =VLOOKUP($B13,Sheet4!$A$1:$M$4092,MATCH('MASTER DATA'!S$1,Sheet4!$A$1:$M$1,0),0) -> 61 | T13: =VLOOKUP($B13,Sheet4!$A$1:$M$4092,MATCH('MASTER DATA'!T$1,Sheet4!$A$1:$M$1,0),0) -> 1 | U13: =VLOOKUP($B13,Sheet4!$A$1:$M$4092,MATCH('MASTER DATA'!U$1,Sheet4!$A$1:$M$1,0),0) -> 3 | V13: =VLOOKUP($B13,Sheet4!$A$1:$M$4092,MATCH('MASTER DATA'!V$1,Sheet4!$A$1:$M$1,0),0) -> 4 | ... Z13: =VLOOKUP($B13,Sheet4!$A$1:$M$4092,MATCH('MASTER DATA'!Z$1,Sheet4!$A$1:$M$1,0),0) -> 1
... A152: 151 | B152: 32210285 | C152: VAISHNAVI COMPUTERS DONGAON | D152: MS-CIT NCR-2017 | E152: Rural | F152: MEHKAR | G152: Mehekar | H152: Buldhana | I152: Maharashtra | J152: AREGAON ROAD GJANAN MANDIRA MAGE DONGAON MEHKAR-443303 | K152: 9637153030 | L152: 07268-266509 | M152: 32210285@mkcl.org | N152: Kumar Katare | O152: =VLOOKUP($B152,Sheet4!$A$1:$M$4092,MATCH('MASTER DATA'!O$1,Sheet4!$A$1:$M$1,0),0) -> 0 | P152: =VLOOKUP($B152,Sheet4!$A$1:$M$4092,MATCH('MASTER DATA'!P$1,Sheet4!$A$1:$M$1,0),0) -> 0 | Q152: =VLOOKUP($B152,Sheet4!$A$1:$M$4092,MATCH('MASTER DATA'!Q$1,Sheet4!$A$1:$M$1,0),0) -> 0 | R152: =VLOOKUP($B152,Sheet4!$A$1:$M$4092,MATCH('MASTER DATA'!R$1,Sheet4!$A$1:$M$1,0),0) -> 46 | S152: =VLOOKUP($B152,Sheet4!$A$1:$M$4092,MATCH('MASTER DATA'!S$1,Sheet4!$A$1:$M$1,0),0) -> 21 | T152: =VLOOKUP($B152,Sheet4!$A$1:$M$4092,MATCH('MASTER DATA'!T$1,Sheet4!$A$1:$M$1,0),0) -> 0 | U152: =VLOOKUP($B152,Sheet4!$A$1:$M$4092,MATCH('MASTER DATA'!U$1,Sheet4!$A$1:$M$1,0),0) -> 10 | V152: =VLOOKUP($B152,Sheet4!$A$1:$M$4092,MATCH('MASTER DATA'!V$1,Sheet4!$A$1:$M$1,0),0) -> 0 | ... Z152: =VLOOKUP($B152,Sheet4!$A$1:$M$4092,MATCH('MASTER DATA'!Z$1,Sheet4!$A$1:$M$1,0),0) -> 0
A153: 152 | B153: 32210292 | C153: OSHO COMPUTER ISOLI | D153: MS-CIT NCR-2017 | E153: Rural | F153: ISOLI | G153: Chikhali | H153: Buldhana | I153: Maharashtra | J153: AT POST ISOLIISOLI-444301 | K153: 9921265930 | L153: -9921265930 | M153: 32210292@mkcl.org | N153: Kumar Katare | O153: =VLOOKUP($B153,Sheet4!$A$1:$M$4092,MATCH('MASTER DATA'!O$1,Sheet4!$A$1:$M$1,0),0) -> 30 | P153: =VLOOKUP($B153,Sheet4!$A$1:$M$4092,MATCH('MASTER DATA'!P$1,Sheet4!$A$1:$M$1,0),0) -> 13 | Q153: =VLOOKUP($B153,Sheet4!$A$1:$M$4092,MATCH('MASTER DATA'!Q$1,Sheet4!$A$1:$M$1,0),0) -> 12 | R153: =VLOOKUP($B153,Sheet4!$A$1:$M$4092,MATCH('MASTER DATA'!R$1,Sheet4!$A$1:$M$1,0),0) -> 99 | S153: =VLOOKUP($B153,Sheet4!$A$1:$M$4092,MATCH('MASTER DATA'!S$1,Sheet4!$A$1:$M$1,0),0) -> 26 | T153: =VLOOKUP($B153,Sheet4!$A$1:$M$4092,MATCH('MASTER DATA'!T$1,Sheet4!$A$1:$M$1,0),0) -> 0 | U153: =VLOOKUP($B153,Sheet4!$A$1:$M$4092,MATCH('MASTER DATA'!U$1,Sheet4!$A$1:$M$1,0),0) -> 18 | V153: =VLOOKUP($B153,Sheet4!$A$1:$M$4092,MATCH('MASTER DATA'!V$1,Sheet4!$A$1:$M$1,0),0) -> 0 | ... Z153: =VLOOKUP($B153,Sheet4!$A$1:$M$4092,MATCH('MASTER DATA'!Z$1,Sheet4!$A$1:$M$1,0),0) -> 2
A154: 153 | B154: 32210308 | C154: SHRIPAD COMPUTER CENTER | D154: MS-CIT NCR-2019 | E154: Rural | F154: BULDANA | G154: Buldhana | H154: Buldhana | I154: Maharashtra | J154: AT POST DONGARKHANDALA TQ DIST BULDANABULDANA-443001 | K154: 9860012316 | L154: - | M154: 32210308@mkcl.org | N154: Kumar Katare | O154: =VLOOKUP($B154,Sheet4!$A$1:$M$4092,MATCH('MASTER DATA'!O$1,Sheet4!$A$1:$M$1,0),0) -> 0 | P154: =VLOOKUP($B154,Sheet4!$A$1:$M$4092,MATCH('MASTER DATA'!P$1,Sheet4!$A$1:$M$1,0),0) -> 0 | Q154: =VLOOKUP($B154,Sheet4!$A$1:$M$4092,MATCH('MASTER DATA'!Q$1,Sheet4!$A$1:$M$1,0),0) -> 0 | R154: =VLOOKUP($B154,Sheet4!$A$1:$M$4092,MATCH('MASTER DATA'!R$1,Sheet4!$A$1:$M$1,0),0) -> 37 | S154: =VLOOKUP($B154,Sheet4!$A$1:$M$4092,MATCH('MASTER DATA'!S$1,Sheet4!$A$1:$M$1,0),0) -> 0 | T154: =VLOOKUP($B154,Sheet4!$A$1:$M$4092,MATCH('MASTER DATA'!T$1,Sheet4!$A$1:$M$1,0),0) -> 11 | U154: =VLOOKUP($B154,Sheet4!$A$1:$M$4092,MATCH('MASTER DATA'!U$1,Sheet4!$A$1:$M$1,0),0) -> 0 | V154: =VLOOKUP($B154,Sheet4!$A$1:$M$4092,MATCH('MASTER DATA'!V$1,Sheet4!$A$1:$M$1,0),0) -> 31 | ... Z154: =VLOOKUP($B154,Sheet4!$A$1:$M$4092,MATCH('MASTER DATA'!Z$1,Sheet4!$A$1:$M$1,0),0) -> 12
A155: 154 | B155: 32210312 | C155: ICON COMPUTER | D155: MS-CIT NCR-2019 | E155: Rural | F155: Sutala Bk. | G155: Khamgaon | H155: Buldhana | I155: Maharashtra | J155: SHIVAJI NAGARSUTALA BK.-444312 | K155: 9890550058 | L155: - | M155: 32210312@mkcl.org | N155: Kumar Katare | O155: =VLOOKUP($B155,Sheet4!$A$1:$M$4092,MATCH('MASTER DATA'!O$1,Sheet4!$A$1:$M$1,0),0) -> 0 | P155: =VLOOKUP($B155,Sheet4!$A$1:$M$4092,MATCH('MASTER DATA'!P$1,Sheet4!$A$1:$M$1,0),0) -> 0 | Q155: =VLOOKUP($B155,Sheet4!$A$1:$M$4092,MATCH('MASTER DATA'!Q$1,Sheet4!$A$1:$M$1,0),0) -> 0 | R155: =VLOOKUP($B155,Sheet4!$A$1:$M$4092,MATCH('MASTER DATA'!R$1,Sheet4!$A$1:$M$1,0),0) -> 66 | S155: =VLOOKUP($B155,Sheet4!$A$1:$M$4092,MATCH('MASTER DATA'!S$1,Sheet4!$A$1:$M$1,0),0) -> 0 | T155: =VLOOKUP($B155,Sheet4!$A$1:$M$4092,MATCH('MASTER DATA'!T$1,Sheet4!$A$1:$M$1,0),0) -> 0 | U155: =VLOOKUP($B155,Sheet4!$A$1:$M$4092,MATCH('MASTER DATA'!U$1,Sheet4!$A$1:$M$1,0),0) -> 5 | V155: =VLOOKUP($B155,Sheet4!$A$1:$M$4092,MATCH('MASTER DATA'!V$1,Sheet4!$A$1:$M$1,0),0) -> 6 | ... Z155: =VLOOKUP($B155,Sheet4!$A$1:$M$4092,MATCH('MASTER DATA'!Z$1,Sheet4!$A$1:$M$1,0),0) -> 1
A156: 155 | B156: 34210002 | C156: Rainbow Computers | D156: MS-CIT Renewed | E156: Urban | F156: Warora | G156: Warora | H156: Chandrapur | I156: Maharashtra | J156: HANUMAN WARD, NEHARU SQUARE YATRA ROAD WARORAWARORA-442907 | K156: 9822706916 | L156: 07176-282325 | M156: 34210002@mkcl.org | N156: Kumar Katare | O156: =VLOOKUP($B156,Sheet4!$A$1:$M$4092,MATCH('MASTER DATA'!O$1,Sheet4!$A$1:$M$1,0),0) -> 79 | P156: =VLOOKUP($B156,Sheet4!$A$1:$M$4092,MATCH('MASTER DATA'!P$1,Sheet4!$A$1:$M$1,0),0) -> 100 | Q156: =VLOOKUP($B156,Sheet4!$A$1:$M$4092,MATCH('MASTER DATA'!Q$1,Sheet4!$A$1:$M$1,0),0) -> 13 | R156: =VLOOKUP($B156,Sheet4!$A$1:$M$4092,MATCH('MASTER DATA'!R$1,Sheet4!$A$1:$M$1,0),0) -> 515 | S156: =VLOOKUP($B156,Sheet4!$A$1:$M$4092,MATCH('MASTER DATA'!S$1,Sheet4!$A$1:$M$1,0),0) -> 94 | T156: =VLOOKUP($B156,Sheet4!$A$1:$M$4092,MATCH('MASTER DATA'!T$1,Sheet4!$A$1:$M$1,0),0) -> 9 | U156: =VLOOKUP($B156,Sheet4!$A$1:$M$4092,MATCH('MASTER DATA'!U$1,Sheet4!$A$1:$M$1,0),0) -> 133 | V156: =VLOOKUP($B156,Sheet4!$A$1:$M$4092,MATCH('MASTER DATA'!V$1,Sheet4!$A$1:$M$1,0),0) -> 46 | ... Z156: =VLOOKUP($B156,Sheet4!$A$1:$M$4092,MATCH('MASTER DATA'!Z$1,Sheet4!$A$1:$M$1,0),0) -> 48
A157: 156 | B157: 34210004 | C157: Kishor Computer Education | D157: MS-CIT Renewed | E157: Urban | F157: Bhadrawati | G157: Bhadrawati | H157: Chandrapur | I157: Maharashtra | J157: IN FRONT OF NAGAR PARISHAD, BAZAR WARD, MAIN ROAD, BHADRAWATI, TA. BHADRAWATI, DIST. CHANDRAPURBHADRAWATI-442902 | K157: 9822472807 | L157: 07175-265816 | M157: 34210004@mkcl.org | N157: Kumar Katare | O157: =VLOOKUP($B157,Sheet4!$A$1:$M$4092,MATCH('MASTER DATA'!O$1,Sheet4!$A$1:$M$1,0),0) -> 104 | P157: =VLOOKUP($B157,Sheet4!$A$1:$M$4092,MATCH('MASTER DATA'!P$1,Sheet4!$A$1:$M$1,0),0) -> 79 | Q157: =VLOOKUP($B157,Sheet4!$A$1:$M$4092,MATCH('MASTER DATA'!Q$1,Sheet4!$A$1:$M$1,0),0) -> 102 | R157: =VLOOKUP($B157,Sheet4!$A$1:$M$4092,MATCH('MASTER DATA'!R$1,Sheet4!$A$1:$M$1,0),0) -> 613 | S157: =VLOOKUP($B157,Sheet4!$A$1:$M$4092,MATCH('MASTER DATA'!S$1,Sheet4!$A$1:$M$1,0),0) -> 394 | T157: =VLOOKUP($B157,Sheet4!$A$1:$M$4092,MATCH('MASTER DATA'!T$1,Sheet4!$A$1:$M$1,0),0) -> 59 | U157: =VLOOKUP($B157,Sheet4!$A$1:$M$4092,MATCH('MASTER DATA'!U$1,Sheet4!$A$1:$M$1,0),0) -> 99 | V157: =VLOOKUP($B157,Sheet4!$A$1:$M$4092,MATCH('MASTER DATA'!V$1,Sheet4!$A$1:$M$1,0),0) -> 67 | ... Z157: =VLOOKUP($B157,Sheet4!$A$1:$M$4092,MATCH('MASTER DATA'!Z$1,Sheet4!$A$1:$M$1,0),0) -> 18
A158: 157 | B158: 34210015 | C158: Apex Computer | D158: MS-CIT Renewed | E158: Rural | F158: Gondpipari | G158: Gaudpimpri | H158: Chandrapur | I158: Maharashtra | J158: NEAR OLD BUS STAND,C/O ADKUJI CHINTAWAR GONDPIPARIGONDPIPARI-442702 | K158: 9423632918 | L158: 07171-220426 | M158: 34210015@mkcl.org | N158: Kumar Katare | O158: =VLOOKUP($B158,Sheet4!$A$1:$M$4092,MATCH('MASTER DATA'!O$1,Sheet4!$A$1:$M$1,0),0) -> 82 | P158: =VLOOKUP($B158,Sheet4!$A$1:$M$4092,MATCH('MASTER DATA'!P$1,Sheet4!$A$1:$M$1,0),0) -> 102 | Q158: =VLOOKUP($B158,Sheet4!$A$1:$M$4092,MATCH('MASTER DATA'!Q$1,Sheet4!$A$1:$M$1,0),0) -> 162 | R158: =VLOOKUP($B158,Sheet4!$A$1:$M$4092,MATCH('MASTER DATA'!R$1,Sheet4!$A$1:$M$1,0),0) -> 427 | S158: =VLOOKUP($B158,Sheet4!$A$1:$M$4092,MATCH('MASTER DATA'!S$1,Sheet4!$A$1:$M$1,0),0) -> 249 | T158: =VLOOKUP($B158,Sheet4!$A$1:$M$4092,MATCH('MASTER DATA'!T$1,Sheet4!$A$1:$M$1,0),0) -> 25 | U158: =VLOOKUP($B158,Sheet4!$A$1:$M$4092,MATCH('MASTER DATA'!U$1,Sheet4!$A$1:$M$1,0),0) -> 108 | V158: =VLOOKUP($B158,Sheet4!$A$1:$M$4092,MATCH('MASTER DATA'!V$1,Sheet4!$A$1:$M$1,0),0) -> 38 | ... Z158: =VLOOKUP($B158,Sheet4!$A$1:$M$4092,MATCH('MASTER DATA'!Z$1,Sheet4!$A$1:$M$1,0),0) -> 76
A159: 158 | B159: 34210127 | C159: SUCCESS COMPUTER 'S | D159: MS-CIT Renewed | E159: Urban | F159: SAOLI | G159: Savali | H159: Chandrapur | I159: Maharashtra | J159: C/O SHANKARRAO BALLAMWAR COMPLEX,BEHIND BUS STAND AT-POST-TAH-SAOLI,DIST-CHANDRAPURSAOLI-441225 | K159: 9764452577 | L159: 07174-274813 | M159: 34210127@mkcl.org | N159: Kumar Katare | O159: =VLOOKUP($B159,Sheet4!$A$1:$M$4092,MATCH('MASTER DATA'!O$1,Sheet4!$A$1:$M$1,0),0) -> 199 | P159: =VLOOKUP($B159,Sheet4!$A$1:$M$4092,MATCH('MASTER DATA'!P$1,Sheet4!$A$1:$M$1,0),0) -> 30 | Q159: =VLOOKUP($B159,Sheet4!$A$1:$M$4092,MATCH('MASTER DATA'!Q$1,Sheet4!$A$1:$M$1,0),0) -> 102 | R159: =VLOOKUP($B159,Sheet4!$A$1:$M$4092,MATCH('MASTER DATA'!R$1,Sheet4!$A$1:$M$1,0),0) -> 188 | S159: =VLOOKUP($B159,Sheet4!$A$1:$M$4092,MATCH('MASTER DATA'!S$1,Sheet4!$A$1:$M$1,0),0) -> 43 | T159: =VLOOKUP($B159,Sheet4!$A$1:$M$4092,MATCH('MASTER DATA'!T$1,Sheet4!$A$1:$M$1,0),0) -> 28 | U159: =VLOOKUP($B159,Sheet4!$A$1:$M$4092,MATCH('MASTER DATA'!U$1,Sheet4!$A$1:$M$1,0),0) -> 2 | V159: =VLOOKUP($B159,Sheet4!$A$1:$M$4092,MATCH('MASTER DATA'!V$1,Sheet4!$A$1:$M$1,0),0) -> 9 | ... Z159: =VLOOKUP($B159,Sheet4!$A$1:$M$4092,MATCH('MASTER DATA'!Z$1,Sheet4!$A$1:$M$1,0),0) -> 39
A160: 159 | B160: 34210132 | C160: GLOBALVISION COMPUTER INSTITUTE WARORA | D160: MS-CIT Renewed | E160: Urban | F160: WARORA | G160: Warora | H160: Chandrapur | I160: Maharashtra | J160: KAMGAR CHOWK,NEAR SHIKSHAK SAHAKARI BANK WARORA, NEAR SHIKSHAK SAHAKARI BANK, WARORA, WARORAWARORA-442907 | K160: 9822690712 | L160: 07176-284659 | M160: 34210132@mkcl.org | N160: Kumar Katare | O160: =VLOOKUP($B160,Sheet4!$A$1:$M$4092,MATCH('MASTER DATA'!O$1,Sheet4!$A$1:$M$1,0),0) -> 64 | P160: =VLOOKUP($B160,Sheet4!$A$1:$M$4092,MATCH('MASTER DATA'!P$1,Sheet4!$A$1:$M$1,0),0) -> 24 | Q160: =VLOOKUP($B160,Sheet4!$A$1:$M$4092,MATCH('MASTER DATA'!Q$1,Sheet4!$A$1:$M$1,0),0) -> 56 | R160: =VLOOKUP($B160,Sheet4!$A$1:$M$4092,MATCH('MASTER DATA'!R$1,Sheet4!$A$1:$M$1,0),0) -> 569 | S160: =VLOOKUP($B160,Sheet4!$A$1:$M$4092,MATCH('MASTER DATA'!S$1,Sheet4!$A$1:$M$1,0),0) -> 181 | T160: =VLOOKUP($B160,Sheet4!$A$1:$M$4092,MATCH('MASTER DATA'!T$1,Sheet4!$A$1:$M$1,0),0) -> 49 | U160: =VLOOKUP($B160,Sheet4!$A$1:$M$4092,MATCH('MASTER DATA'!U$1,Sheet4!$A$1:$M$1,0),0) -> 100 | V160: =VLOOKUP($B160,Sheet4!$A$1:$M$4092,MATCH('MASTER DATA'!V$1,Sheet4!$A$1:$M$1,0),0) -> 20 | ... Z160: =VLOOKUP($B160,Sheet4!$A$1:$M$4092,MATCH('MASTER DATA'!Z$1,Sheet4!$A$1:$M$1,0),0) -> 2
A161: 160 | B161: 34210055 | C161: Global Computer Education | D161: MS-CIT Renewed | E161: Urban | F161: Chandrapur | G161: Chandrapur | H161: Chandrapur | I161: Maharashtra | J161: C/O PRAMOD SAHARE, FIRST FLOOR, HOUSE NO 1275, POLE NO C/547, WAGHOBA CHOWK ROAD, TUKUMCHANDRAPUR-442401 | K161: 9422139774 | L161: 07172-274147 | M161: 34210055@mkcl.org | N161: Kumar Katare | O161: =VLOOKUP($B161,Sheet4!$A$1:$M$4092,MATCH('MASTER DATA'!O$1,Sheet4!$A$1:$M$1,0),0) -> 39 | P161: =VLOOKUP($B161,Sheet4!$A$1:$M$4092,MATCH('MASTER DATA'!P$1,Sheet4!$A$1:$M$1,0),0) -> 32 | Q161: =VLOOKUP($B161,Sheet4!$A$1:$M$4092,MATCH('MASTER DATA'!Q$1,Sheet4!$A$1:$M$1,0),0) -> 50 | R161: =VLOOKUP($B161,Sheet4!$A$1:$M$4092,MATCH('MASTER DATA'!R$1,Sheet4!$A$1:$M$1,0),0) -> 169 | S161: =VLOOKUP($B161,Sheet4!$A$1:$M$4092,MATCH('MASTER DATA'!S$1,Sheet4!$A$1:$M$1,0),0) -> 102 | T161: =VLOOKUP($B161,Sheet4!$A$1:$M$4092,MATCH('MASTER DATA'!T$1,Sheet4!$A$1:$M$1,0),0) -> 34 | U161: =VLOOKUP($B161,Sheet4!$A$1:$M$4092,MATCH('MASTER DATA'!U$1,Sheet4!$A$1:$M$1,0),0) -> 57 | V161: =VLOOKUP($B161,Sheet4!$A$1:$M$4092,MATCH('MASTER DATA'!V$1,Sheet4!$A$1:$M$1,0),0) -> 16 | ... Z161: =VLOOKUP($B161,Sheet4!$A$1:$M$4092,MATCH('MASTER DATA'!Z$1,Sheet4!$A$1:$M$1,0),0) -> 23
A162: 161 | B162: 34210010 | C162: Bytes Infosys Computers | D162: MS-CIT Renewed | E162: Urban | F162: Chandrapur | G162: Chandrapur | H162: Chandrapur | I162: Maharashtra | J162: ANURADHA NIWAS, NEAR JANTA COLLEGE, CHANDRAPURCHANDRAPUR-442401 | K162: 9822113937 | L162: 07172-270369 | M162: 34210010@mkcl.org | N162: Kumar Katare | O162: =VLOOKUP($B162,Sheet4!$A$1:$M$4092,MATCH('MASTER DATA'!O$1,Sheet4!$A$1:$M$1,0),0) -> 59 | P162: =VLOOKUP($B162,Sheet4!$A$1:$M$4092,MATCH('MASTER DATA'!P$1,Sheet4!$A$1:$M$1,0),0) -> 50 | Q162: =VLOOKUP($B162,Sheet4!$A$1:$M$4092,MATCH('MASTER DATA'!Q$1,Sheet4!$A$1:$M$1,0),0) -> 17 | R162: =VLOOKUP($B162,Sheet4!$A$1:$M$4092,MATCH('MASTER DATA'!R$1,Sheet4!$A$1:$M$1,0),0) -> 257 | S162: =VLOOKUP($B162,Sheet4!$A$1:$M$4092,MATCH('MASTER DATA'!S$1,Sheet4!$A$1:$M$1,0),0) -> 58 | T162: =VLOOKUP($B162,Sheet4!$A$1:$M$4092,MATCH('MASTER DATA'!T$1,Sheet4!$A$1:$M$1,0),0) -> 3 | U162: =VLOOKUP($B162,Sheet4!$A$1:$M$4092,MATCH('MASTER DATA'!U$1,Sheet4!$A$1:$M$1,0),0) -> 75 | V162: =VLOOKUP($B162,Sheet4!$A$1:$M$4092,MATCH('MASTER DATA'!V$1,Sheet4!$A$1:$M$1,0),0) -> 17 | ... Z162: =VLOOKUP($B162,Sheet4!$A$1:$M$4092,MATCH('MASTER DATA'!Z$1,Sheet4!$A$1:$M$1,0),0) -> 85
A163: 162 | B163: 34210007 | C163: Micro Computer Technology And Cyber Academy | D163: MS-CIT Renewed | E163: Urban | F163: Ballarpur | G163: Ballarpur | H163: Chandrapur | I163: Maharashtra | J163: KUREKAR HOUSE, RAJENDRA WARD, TEACHERS COLONY BALLARPURBALLARPUR-442701 | K163: 9890303045 | L163: 07172-241098 | M163: 34210007@mkcl.org | N163: Kumar Katare | O163: =VLOOKUP($B163,Sheet4!$A$1:$M$4092,MATCH('MASTER DATA'!O$1,Sheet4!$A$1:$M$1,0),0) -> 39 | P163: =VLOOKUP($B163,Sheet4!$A$1:$M$4092,MATCH('MASTER DATA'!P$1,Sheet4!$A$1:$M$1,0),0) -> 28 | Q163: =VLOOKUP($B163,Sheet4!$A$1:$M$4092,MATCH('MASTER DATA'!Q$1,Sheet4!$A$1:$M$1,0),0) -> 17 | R163: =VLOOKUP($B163,Sheet4!$A$1:$M$4092,MATCH('MASTER DATA'!R$1,Sheet4!$A$1:$M$1,0),0) -> 107 | S163: =VLOOKUP($B163,Sheet4!$A$1:$M$4092,MATCH('MASTER DATA'!S$1,Sheet4!$A$1:$M$1,0),0) -> 90 | T163: =VLOOKUP($B163,Sheet4!$A$1:$M$4092,MATCH('MASTER DATA'!T$1,Sheet4!$A$1:$M$1,0),0) -> 33 | U163: =VLOOKUP($B163,Sheet4!$A$1:$M$4092,MATCH('MASTER DATA'!U$1,Sheet4!$A$1:$M$1,0),0) -> 57 | V163: =VLOOKUP($B163,Sheet4!$A$1:$M$4092,MATCH('MASTER DATA'!V$1,Sheet4!$A$1:$M$1,0),0) -> 14 | ... Z163: =VLOOKUP($B163,Sheet4!$A$1:$M$4092,MATCH('MASTER DATA'!Z$1,Sheet4!$A$1:$M$1,0),0) -> 6
A164: 163 | B164: 34210006 | C164: Shree Sai Computers | D164: MS-CIT Renewed | E164: Urban | F164: Warora | G164: Warora | H164: Chandrapur | I164: Maharashtra | J164: NEAR BANK OF MAHARASHTRA, AMBEDKAR CHOWK, WARORAWARORA-442907 | K164: 9689885740 | L164: 07176-281201 | M164: 34210006@mkcl.org | N164: Kumar Katare | O164: =VLOOKUP($B164,Sheet4!$A$1:$M$4092,MATCH('MASTER DATA'!O$1,Sheet4!$A$1:$M$1,0),0) -> 142 | P164: =VLOOKUP($B164,Sheet4!$A$1:$M$4092,MATCH('MASTER DATA'!P$1,Sheet4!$A$1:$M$1,0),0) -> 50 | Q164: =VLOOKUP($B164,Sheet4!$A$1:$M$4092,MATCH('MASTER DATA'!Q$1,Sheet4!$A$1:$M$1,0),0) -> 224 | R164: =VLOOKUP($B164,Sheet4!$A$1:$M$4092,MATCH('MASTER DATA'!R$1,Sheet4!$A$1:$M$1,0),0) -> 736 | S164: =VLOOKUP($B164,Sheet4!$A$1:$M$4092,MATCH('MASTER DATA'!S$1,Sheet4!$A$1:$M$1,0),0) -> 142 | T164: =VLOOKUP($B164,Sheet4!$A$1:$M$4092,MATCH('MASTER DATA'!T$1,Sheet4!$A$1:$M$1,0),0) -> 48 | U164: =VLOOKUP($B164,Sheet4!$A$1:$M$4092,MATCH('MASTER DATA'!U$1,Sheet4!$A$1:$M$1,0),0) -> 143 | V164: =VLOOKUP($B164,Sheet4!$A$1:$M$4092,MATCH('MASTER DATA'!V$1,Sheet4!$A$1:$M$1,0),0) -> 61 | ... Z164: =VLOOKUP($B164,Sheet4!$A$1:$M$4092,MATCH('MASTER DATA'!Z$1,Sheet4!$A$1:$M$1,0),0) -> 43
A165: 164 | B165: 34210095 | C165: Phoenix Computer Education | D165: MS-CIT Renewed | E165: Urban | F165: Chimur | G165: Chimur | H165: Chandrapur | I165: Maharashtra | J165: NUTAN ADARSHA COLONY, NEAR BUS STAND, CHIMURCHIMUR-442903 | K165: 9890072255 | L165: 07170-266097 | M165: 34210095@mkcl.org | N165: Kumar Katare | O165: =VLOOKUP($B165,Sheet4!$A$1:$M$4092,MATCH('MASTER DATA'!O$1,Sheet4!$A$1:$M$1,0),0) -> 241 | P165: =VLOOKUP($B165,Sheet4!$A$1:$M$4092,MATCH('MASTER DATA'!P$1,Sheet4!$A$1:$M$1,0),0) -> 161 | Q165: =VLOOKUP($B165,Sheet4!$A$1:$M$4092,MATCH('MASTER DATA'!Q$1,Sheet4!$A$1:$M$1,0),0) -> 118 | R165: =VLOOKUP($B165,Sheet4!$A$1:$M$4092,MATCH('MASTER DATA'!R$1,Sheet4!$A$1:$M$1,0),0) -> 729 | S165: =VLOOKUP($B165,Sheet4!$A$1:$M$4092,MATCH('MASTER DATA'!S$1,Sheet4!$A$1:$M$1,0),0) -> 224 | T165: =VLOOKUP($B165,Sheet4!$A$1:$M$4092,MATCH('MASTER DATA'!T$1,Sheet4!$A$1:$M$1,0),0) -> 13 | U165: =VLOOKUP($B165,Sheet4!$A$1:$M$4092,MATCH('MASTER DATA'!U$1,Sheet4!$A$1:$M$1,0),0) -> 180 | V165: =VLOOKUP($B165,Sheet4!$A$1:$M$4092,MATCH('MASTER DATA'!V$1,Sheet4!$A$1:$M$1,0),0) -> 94 | ... Z165: =VLOOKUP($B165,Sheet4!$A$1:$M$4092,MATCH('MASTER DATA'!Z$1,Sheet4!$A$1:$M$1,0),0) -> 85
... A206: 205 | B206: 25210015 | C206: Institute Of Information Technology | D206: MS-CIT Renewed | E206: Urban | F206: Hingoli | G206: Hingoli | H206: Hingoli | I206: Maharashtra | J206: FIRST FLOOR,SONAR GALLI,SADAR BAZARHINGOLI-431513 | K206: 9423141617 | L206: 02456-222648 | M206: 25210015@mkcl.org | N206: Kumar Katare | O206: =VLOOKUP($B206,Sheet4!$A$1:$M$4092,MATCH('MASTER DATA'!O$1,Sheet4!$A$1:$M$1,0),0) -> 32 | P206: =VLOOKUP($B206,Sheet4!$A$1:$M$4092,MATCH('MASTER DATA'!P$1,Sheet4!$A$1:$M$1,0),0) -> 2 | Q206: =VLOOKUP($B206,Sheet4!$A$1:$M$4092,MATCH('MASTER DATA'!Q$1,Sheet4!$A$1:$M$1,0),0) -> 31 | R206: =VLOOKUP($B206,Sheet4!$A$1:$M$4092,MATCH('MASTER DATA'!R$1,Sheet4!$A$1:$M$1,0),0) -> 140 | S206: =VLOOKUP($B206,Sheet4!$A$1:$M$4092,MATCH('MASTER DATA'!S$1,Sheet4!$A$1:$M$1,0),0) -> 91 | T206: =VLOOKUP($B206,Sheet4!$A$1:$M$4092,MATCH('MASTER DATA'!T$1,Sheet4!$A$1:$M$1,0),0) -> 19 | U206: =VLOOKUP($B206,Sheet4!$A$1:$M$4092,MATCH('MASTER DATA'!U$1,Sheet4!$A$1:$M$1,0),0) -> 30 | V206: =VLOOKUP($B206,Sheet4!$A$1:$M$4092,MATCH('MASTER DATA'!V$1,Sheet4!$A$1:$M$1,0),0) -> 10 | ... Z206: =VLOOKUP($B206,Sheet4!$A$1:$M$4092,MATCH('MASTER DATA'!Z$1,Sheet4!$A$1:$M$1,0),0) -> 3
A207: 206 | B207: 25210110 | C207: BHAGYADAM COMPUTER CENTER | D207: MS-CIT NCR-2019 | E207: Urban | F207: Basmat | G207: Basamat | H207: Hingoli | I207: Maharashtra | J207: BANK COLONYBASMAT-431512 | K207: 9175900633 | L207: -917 | M207: 25210110@mkcl.org | N207: Kumar Katare | O207: =VLOOKUP($B207,Sheet4!$A$1:$M$4092,MATCH('MASTER DATA'!O$1,Sheet4!$A$1:$M$1,0),0) -> 0 | P207: =VLOOKUP($B207,Sheet4!$A$1:$M$4092,MATCH('MASTER DATA'!P$1,Sheet4!$A$1:$M$1,0),0) -> 41 | Q207: =VLOOKUP($B207,Sheet4!$A$1:$M$4092,MATCH('MASTER DATA'!Q$1,Sheet4!$A$1:$M$1,0),0) -> 0 | R207: =VLOOKUP($B207,Sheet4!$A$1:$M$4092,MATCH('MASTER DATA'!R$1,Sheet4!$A$1:$M$1,0),0) -> 63 | S207: =VLOOKUP($B207,Sheet4!$A$1:$M$4092,MATCH('MASTER DATA'!S$1,Sheet4!$A$1:$M$1,0),0) -> 0 | T207: =VLOOKUP($B207,Sheet4!$A$1:$M$4092,MATCH('MASTER DATA'!T$1,Sheet4!$A$1:$M$1,0),0) -> 0 | U207: =VLOOKUP($B207,Sheet4!$A$1:$M$4092,MATCH('MASTER DATA'!U$1,Sheet4!$A$1:$M$1,0),0) -> 13 | V207: =VLOOKUP($B207,Sheet4!$A$1:$M$4092,MATCH('MASTER DATA'!V$1,Sheet4!$A$1:$M$1,0),0) -> 12 | ... Z207: =VLOOKUP($B207,Sheet4!$A$1:$M$4092,MATCH('MASTER DATA'!Z$1,Sheet4!$A$1:$M$1,0),0) -> 0
A208: 207 | B208: 11210035 | C208: Tapasya Computers,Faizpur | D208: MS-CIT Renewed | E208: Rural | F208: Faizpur | G208: Yaval | H208: Jalgaon | I208: Maharashtra | J208: 1ST FLOOR,BAZAR SAMITI, YAWAL ROAD, FAIZPUR-425503 | K208: 9371166415 | L208: 02585-245015 | M208: 11210035@mkcl.org | N208: Kumar Katare | O208: =VLOOKUP($B208,Sheet4!$A$1:$M$4092,MATCH('MASTER DATA'!O$1,Sheet4!$A$1:$M$1,0),0) -> 30 | P208: =VLOOKUP($B208,Sheet4!$A$1:$M$4092,MATCH('MASTER DATA'!P$1,Sheet4!$A$1:$M$1,0),0) -> 3 | Q208: =VLOOKUP($B208,Sheet4!$A$1:$M$4092,MATCH('MASTER DATA'!Q$1,Sheet4!$A$1:$M$1,0),0) -> 30 | R208: =VLOOKUP($B208,Sheet4!$A$1:$M$4092,MATCH('MASTER DATA'!R$1,Sheet4!$A$1:$M$1,0),0) -> 245 | S208: =VLOOKUP($B208,Sheet4!$A$1:$M$4092,MATCH('MASTER DATA'!S$1,Sheet4!$A$1:$M$1,0),0) -> 387 | T208: =VLOOKUP($B208,Sheet4!$A$1:$M$4092,MATCH('MASTER DATA'!T$1,Sheet4!$A$1:$M$1,0),0) -> 21 | U208: =VLOOKUP($B208,Sheet4!$A$1:$M$4092,MATCH('MASTER DATA'!U$1,Sheet4!$A$1:$M$1,0),0) -> 38 | V208: =VLOOKUP($B208,Sheet4!$A$1:$M$4092,MATCH('MASTER DATA'!V$1,Sheet4!$A$1:$M$1,0),0) -> 18 | ... Z208: =VLOOKUP($B208,Sheet4!$A$1:$M$4092,MATCH('MASTER DATA'!Z$1,Sheet4!$A$1:$M$1,0),0) -> 15
A209: 208 | B209: 11210003 | C209: IGM Computer Education | D209: MS-CIT Renewed | E209: Urban | F209: Jalgaon | G209: Jalgaon | H209: Jalgaon | I209: Maharashtra | J209: BASEMENT LATHI PLAZA, OPP. SHAHU MAHARAJ COMPLEXJALGAON-425001 | K209: 9822464931 | L209: 0257-2241851 | M209: 11210003@mkcl.org | N209: Kumar Katare | O209: =VLOOKUP($B209,Sheet4!$A$1:$M$4092,MATCH('MASTER DATA'!O$1,Sheet4!$A$1:$M$1,0),0) -> 34 | P209: =VLOOKUP($B209,Sheet4!$A$1:$M$4092,MATCH('MASTER DATA'!P$1,Sheet4!$A$1:$M$1,0),0) -> 16 | Q209: =VLOOKUP($B209,Sheet4!$A$1:$M$4092,MATCH('MASTER DATA'!Q$1,Sheet4!$A$1:$M$1,0),0) -> 33 | R209: =VLOOKUP($B209,Sheet4!$A$1:$M$4092,MATCH('MASTER DATA'!R$1,Sheet4!$A$1:$M$1,0),0) -> 141 | S209: =VLOOKUP($B209,Sheet4!$A$1:$M$4092,MATCH('MASTER DATA'!S$1,Sheet4!$A$1:$M$1,0),0) -> 53 | T209: =VLOOKUP($B209,Sheet4!$A$1:$M$4092,MATCH('MASTER DATA'!T$1,Sheet4!$A$1:$M$1,0),0) -> 56 | U209: =VLOOKUP($B209,Sheet4!$A$1:$M$4092,MATCH('MASTER DATA'!U$1,Sheet4!$A$1:$M$1,0),0) -> 57 | V209: =VLOOKUP($B209,Sheet4!$A$1:$M$4092,MATCH('MASTER DATA'!V$1,Sheet4!$A$1:$M$1,0),0) -> 83 | ... Z209: =VLOOKUP($B209,Sheet4!$A$1:$M$4092,MATCH('MASTER DATA'!Z$1,Sheet4!$A$1:$M$1,0),0) -> 10
A210: 209 | B210: 26210002 | C210: Shri Samarth Computers | D210: MS-CIT Renewed | E210: Urban | F210: Bhokardhan | G210: Bhokardan | H210: Jalna | I210: Maharashtra | J210: FULE MARKET SILLOD ROAD, BHOKARDAN BHOKARDHAN-431114 | K210: 9421643882 | L210: 02485-244677 | M210: 26210002@mkcl.org | N210: Sambhaji Tagad | O210: =VLOOKUP($B210,Sheet4!$A$1:$M$4092,MATCH('MASTER DATA'!O$1,Sheet4!$A$1:$M$1,0),0) -> 207 | P210: =VLOOKUP($B210,Sheet4!$A$1:$M$4092,MATCH('MASTER DATA'!P$1,Sheet4!$A$1:$M$1,0),0) -> 67 | Q210: =VLOOKUP($B210,Sheet4!$A$1:$M$4092,MATCH('MASTER DATA'!Q$1,Sheet4!$A$1:$M$1,0),0) -> 136 | R210: =VLOOKUP($B210,Sheet4!$A$1:$M$4092,MATCH('MASTER DATA'!R$1,Sheet4!$A$1:$M$1,0),0) -> 717 | S210: =VLOOKUP($B210,Sheet4!$A$1:$M$4092,MATCH('MASTER DATA'!S$1,Sheet4!$A$1:$M$1,0),0) -> 175 | T210: =VLOOKUP($B210,Sheet4!$A$1:$M$4092,MATCH('MASTER DATA'!T$1,Sheet4!$A$1:$M$1,0),0) -> 35 | U210: =VLOOKUP($B210,Sheet4!$A$1:$M$4092,MATCH('MASTER DATA'!U$1,Sheet4!$A$1:$M$1,0),0) -> 214 | V210: =VLOOKUP($B210,Sheet4!$A$1:$M$4092,MATCH('MASTER DATA'!V$1,Sheet4!$A$1:$M$1,0),0) -> 76 | ... Z210: =VLOOKUP($B210,Sheet4!$A$1:$M$4092,MATCH('MASTER DATA'!Z$1,Sheet4!$A$1:$M$1,0),0) -> 43
A211: 210 | B211: 26210061 | C211: Shree Seva Computers | D211: MS-CIT Renewed | E211: Rural | F211: Jalna | G211: Jalna | H211: Jalna | I211: Maharashtra | J211: NEAR Z P HIGH SCHOOL, AT POST SEVLI, TQ DIST JALNA JALNA-431203 | K211: 9921096777 | L211: 02481-253677 | M211: 26210061@mkcl.org | N211: Sambhaji Tagad | O211: =VLOOKUP($B211,Sheet4!$A$1:$M$4092,MATCH('MASTER DATA'!O$1,Sheet4!$A$1:$M$1,0),0) -> 60 | P211: =VLOOKUP($B211,Sheet4!$A$1:$M$4092,MATCH('MASTER DATA'!P$1,Sheet4!$A$1:$M$1,0),0) -> 10 | Q211: =VLOOKUP($B211,Sheet4!$A$1:$M$4092,MATCH('MASTER DATA'!Q$1,Sheet4!$A$1:$M$1,0),0) -> 34 | R211: =VLOOKUP($B211,Sheet4!$A$1:$M$4092,MATCH('MASTER DATA'!R$1,Sheet4!$A$1:$M$1,0),0) -> 160 | S211: =VLOOKUP($B211,Sheet4!$A$1:$M$4092,MATCH('MASTER DATA'!S$1,Sheet4!$A$1:$M$1,0),0) -> 90 | T211: =VLOOKUP($B211,Sheet4!$A$1:$M$4092,MATCH('MASTER DATA'!T$1,Sheet4!$A$1:$M$1,0),0) -> 13 | U211: =VLOOKUP($B211,Sheet4!$A$1:$M$4092,MATCH('MASTER DATA'!U$1,Sheet4!$A$1:$M$1,0),0) -> 34 | V211: =VLOOKUP($B211,Sheet4!$A$1:$M$4092,MATCH('MASTER DATA'!V$1,Sheet4!$A$1:$M$1,0),0) -> 0 | ... Z211: =VLOOKUP($B211,Sheet4!$A$1:$M$4092,MATCH('MASTER DATA'!Z$1,Sheet4!$A$1:$M$1,0),0) -> 0
A212: 211 | B212: 26210068 | C212: Pragati Computers | D212: MS-CIT Renewed | E212: Rural | F212: Dhawada | G212: Bhokardan | H212: Jalna | I212: Maharashtra | J212: AT.POST. DHAWADADHAWADA-431132 | K212: 9975890033 | L212: 02485-243790 | M212: 26210068@mkcl.org | N212: Sambhaji Tagad | O212: =VLOOKUP($B212,Sheet4!$A$1:$M$4092,MATCH('MASTER DATA'!O$1,Sheet4!$A$1:$M$1,0),0) -> 24 | P212: =VLOOKUP($B212,Sheet4!$A$1:$M$4092,MATCH('MASTER DATA'!P$1,Sheet4!$A$1:$M$1,0),0) -> 20 | Q212: =VLOOKUP($B212,Sheet4!$A$1:$M$4092,MATCH('MASTER DATA'!Q$1,Sheet4!$A$1:$M$1,0),0) -> 19 | R212: =VLOOKUP($B212,Sheet4!$A$1:$M$4092,MATCH('MASTER DATA'!R$1,Sheet4!$A$1:$M$1,0),0) -> 185 | S212: =VLOOKUP($B212,Sheet4!$A$1:$M$4092,MATCH('MASTER DATA'!S$1,Sheet4!$A$1:$M$1,0),0) -> 158 | T212: =VLOOKUP($B212,Sheet4!$A$1:$M$4092,MATCH('MASTER DATA'!T$1,Sheet4!$A$1:$M$1,0),0) -> 10 | U212: =VLOOKUP($B212,Sheet4!$A$1:$M$4092,MATCH('MASTER DATA'!U$1,Sheet4!$A$1:$M$1,0),0) -> 40 | V212: =VLOOKUP($B212,Sheet4!$A$1:$M$4092,MATCH('MASTER DATA'!V$1,Sheet4!$A$1:$M$1,0),0) -> 12 | ... Z212: =VLOOKUP($B212,Sheet4!$A$1:$M$4092,MATCH('MASTER DATA'!Z$1,Sheet4!$A$1:$M$1,0),0) -> 38
A213: 212 | B213: 26210025 | C213: Pragati Computers | D213: MS-CIT Renewed | E213: Rural | F213: Walsavangi | G213: Bhokardan | H213: Jalna | I213: Maharashtra | J213: AT POST WALSAVANGIWALSAVANGI-431132 | K213: 9423460426 | L213: 02485-243060 | M213: 26210025@mkcl.org | N213: Sambhaji Tagad | O213: =VLOOKUP($B213,Sheet4!$A$1:$M$4092,MATCH('MASTER DATA'!O$1,Sheet4!$A$1:$M$1,0),0) -> 8 | P213: =VLOOKUP($B213,Sheet4!$A$1:$M$4092,MATCH('MASTER DATA'!P$1,Sheet4!$A$1:$M$1,0),0) -> 34 | Q213: =VLOOKUP($B213,Sheet4!$A$1:$M$4092,MATCH('MASTER DATA'!Q$1,Sheet4!$A$1:$M$1,0),0) -> 33 | R213: =VLOOKUP($B213,Sheet4!$A$1:$M$4092,MATCH('MASTER DATA'!R$1,Sheet4!$A$1:$M$1,0),0) -> 369 | S213: =VLOOKUP($B213,Sheet4!$A$1:$M$4092,MATCH('MASTER DATA'!S$1,Sheet4!$A$1:$M$1,0),0) -> 147 | T213: =VLOOKUP($B213,Sheet4!$A$1:$M$4092,MATCH('MASTER DATA'!T$1,Sheet4!$A$1:$M$1,0),0) -> 10 | U213: =VLOOKUP($B213,Sheet4!$A$1:$M$4092,MATCH('MASTER DATA'!U$1,Sheet4!$A$1:$M$1,0),0) -> 59 | V213: =VLOOKUP($B213,Sheet4!$A$1:$M$4092,MATCH('MASTER DATA'!V$1,Sheet4!$A$1:$M$1,0),0) -> 28 | ... Z213: =VLOOKUP($B213,Sheet4!$A$1:$M$4092,MATCH('MASTER DATA'!Z$1,Sheet4!$A$1:$M$1,0),0) -> 13
A214: 213 | B214: 26210047 | C214: Vakratund Computers | D214: MS-CIT Renewed | E214: Urban | F214: Jalna | G214: Jalna | H214: Jalna | I214: Maharashtra | J214: WARD NO. 27,KADRABAD ,NEAR MISAL COMPLEX,INFRONT OF SURYAKANT TEL BHANDAR KADRABAD , JALNAJALNA-431203 | K214: 9404444888 | L214: 02482-9175898265 | M214: 26210047@mkcl.org | N214: Sambhaji Tagad | O214: =VLOOKUP($B214,Sheet4!$A$1:$M$4092,MATCH('MASTER DATA'!O$1,Sheet4!$A$1:$M$1,0),0) -> 20 | P214: =VLOOKUP($B214,Sheet4!$A$1:$M$4092,MATCH('MASTER DATA'!P$1,Sheet4!$A$1:$M$1,0),0) -> 13 | Q214: =VLOOKUP($B214,Sheet4!$A$1:$M$4092,MATCH('MASTER DATA'!Q$1,Sheet4!$A$1:$M$1,0),0) -> 24 | R214: =VLOOKUP($B214,Sheet4!$A$1:$M$4092,MATCH('MASTER DATA'!R$1,Sheet4!$A$1:$M$1,0),0) -> 104 | S214: =VLOOKUP($B214,Sheet4!$A$1:$M$4092,MATCH('MASTER DATA'!S$1,Sheet4!$A$1:$M$1,0),0) -> 93 | T214: =VLOOKUP($B214,Sheet4!$A$1:$M$4092,MATCH('MASTER DATA'!T$1,Sheet4!$A$1:$M$1,0),0) -> 48 | U214: =VLOOKUP($B214,Sheet4!$A$1:$M$4092,MATCH('MASTER DATA'!U$1,Sheet4!$A$1:$M$1,0),0) -> 77 | V214: =VLOOKUP($B214,Sheet4!$A$1:$M$4092,MATCH('MASTER DATA'!V$1,Sheet4!$A$1:$M$1,0),0) -> 21 | ... Z214: =VLOOKUP($B214,Sheet4!$A$1:$M$4092,MATCH('MASTER DATA'!Z$1,Sheet4!$A$1:$M$1,0),0) -> 0
A215: 214 | B215: 26210055 | C215: Yash Computers | D215: MS-CIT Renewed | E215: Urban | F215: Jalna | G215: Jalna | H215: Jalna | I215: Maharashtra | J215: SHOP NO. 64, AZAD MAIDAN RAMNAGAR NEAR SANTOSH BOOK STALL JALNAJALNA-431203 | K215: 9423459800 | L215: 02482-233512 | M215: 26210055@mkcl.org | N215: Sambhaji Tagad | O215: =VLOOKUP($B215,Sheet4!$A$1:$M$4092,MATCH('MASTER DATA'!O$1,Sheet4!$A$1:$M$1,0),0) -> 79 | P215: =VLOOKUP($B215,Sheet4!$A$1:$M$4092,MATCH('MASTER DATA'!P$1,Sheet4!$A$1:$M$1,0),0) -> 91 | Q215: =VLOOKUP($B215,Sheet4!$A$1:$M$4092,MATCH('MASTER DATA'!Q$1,Sheet4!$A$1:$M$1,0),0) -> 42 | R215: =VLOOKUP($B215,Sheet4!$A$1:$M$4092,MATCH('MASTER DATA'!R$1,Sheet4!$A$1:$M$1,0),0) -> 608 | S215: =VLOOKUP($B215,Sheet4!$A$1:$M$4092,MATCH('MASTER DATA'!S$1,Sheet4!$A$1:$M$1,0),0) -> 229 | T215: =VLOOKUP($B215,Sheet4!$A$1:$M$4092,MATCH('MASTER DATA'!T$1,Sheet4!$A$1:$M$1,0),0) -> 18 | U215: =VLOOKUP($B215,Sheet4!$A$1:$M$4092,MATCH('MASTER DATA'!U$1,Sheet4!$A$1:$M$1,0),0) -> 77 | V215: =VLOOKUP($B215,Sheet4!$A$1:$M$4092,MATCH('MASTER DATA'!V$1,Sheet4!$A$1:$M$1,0),0) -> 5 | ... Z215: =VLOOKUP($B215,Sheet4!$A$1:$M$4092,MATCH('MASTER DATA'!Z$1,Sheet4!$A$1:$M$1,0),0) -> 44
A216: 215 | B216: 26210001 | C216: Ashirwad Computers | D216: MS-CIT Renewed | E216: Urban | F216: Jalna | G216: Jalna | H216: Jalna | I216: Maharashtra | J216: SONAL NAGAR, NEAR RAILWAY STATION,JALNAJALNA-431203 | K216: 9422721846 | L216: 02482-223324 | M216: 26210001@mkcl.org | N216: Sambhaji Tagad | O216: =VLOOKUP($B216,Sheet4!$A$1:$M$4092,MATCH('MASTER DATA'!O$1,Sheet4!$A$1:$M$1,0),0) -> 24 | P216: =VLOOKUP($B216,Sheet4!$A$1:$M$4092,MATCH('MASTER DATA'!P$1,Sheet4!$A$1:$M$1,0),0) -> 24 | Q216: =VLOOKUP($B216,Sheet4!$A$1:$M$4092,MATCH('MASTER DATA'!Q$1,Sheet4!$A$1:$M$1,0),0) -> 0 | R216: =VLOOKUP($B216,Sheet4!$A$1:$M$4092,MATCH('MASTER DATA'!R$1,Sheet4!$A$1:$M$1,0),0) -> 176 | S216: =VLOOKUP($B216,Sheet4!$A$1:$M$4092,MATCH('MASTER DATA'!S$1,Sheet4!$A$1:$M$1,0),0) -> 105 | T216: =VLOOKUP($B216,Sheet4!$A$1:$M$4092,MATCH('MASTER DATA'!T$1,Sheet4!$A$1:$M$1,0),0) -> 14 | U216: =VLOOKUP($B216,Sheet4!$A$1:$M$4092,MATCH('MASTER DATA'!U$1,Sheet4!$A$1:$M$1,0),0) -> 76 | V216: =VLOOKUP($B216,Sheet4!$A$1:$M$4092,MATCH('MASTER DATA'!V$1,Sheet4!$A$1:$M$1,0),0) -> 32 | ... Z216: =VLOOKUP($B216,Sheet4!$A$1:$M$4092,MATCH('MASTER DATA'!Z$1,Sheet4!$A$1:$M$1,0),0) -> 11
A217: 216 | B217: 26210033 | C217: Geeta Computer Knowledge Hub | D217: MS-CIT Renewed | E217: Urban | F217: Ambad | G217: Ambad | H217: Jalna | I217: Maharashtra | J217: 2ND FLOOR, SAHYOG BHAWAN, MAHESH NAGAR, OLD MONDHA, AMBAD DIST. JALNA AMBAD-431204 | K217: 9420220701 | L217: 02483-276276 | M217: 26210033@mkcl.org | N217: Sambhaji Tagad | O217: =VLOOKUP($B217,Sheet4!$A$1:$M$4092,MATCH('MASTER DATA'!O$1,Sheet4!$A$1:$M$1,0),0) -> 91 | P217: =VLOOKUP($B217,Sheet4!$A$1:$M$4092,MATCH('MASTER DATA'!P$1,Sheet4!$A$1:$M$1,0),0) -> 41 | Q217: =VLOOKUP($B217,Sheet4!$A$1:$M$4092,MATCH('MASTER DATA'!Q$1,Sheet4!$A$1:$M$1,0),0) -> 31 | R217: =VLOOKUP($B217,Sheet4!$A$1:$M$4092,MATCH('MASTER DATA'!R$1,Sheet4!$A$1:$M$1,0),0) -> 210 | S217: =VLOOKUP($B217,Sheet4!$A$1:$M$4092,MATCH('MASTER DATA'!S$1,Sheet4!$A$1:$M$1,0),0) -> 23 | T217: =VLOOKUP($B217,Sheet4!$A$1:$M$4092,MATCH('MASTER DATA'!T$1,Sheet4!$A$1:$M$1,0),0) -> 10 | U217: =VLOOKUP($B217,Sheet4!$A$1:$M$4092,MATCH('MASTER DATA'!U$1,Sheet4!$A$1:$M$1,0),0) -> 153 | V217: =VLOOKUP($B217,Sheet4!$A$1:$M$4092,MATCH('MASTER DATA'!V$1,Sheet4!$A$1:$M$1,0),0) -> 65 | ... Z217: =VLOOKUP($B217,Sheet4!$A$1:$M$4092,MATCH('MASTER DATA'!Z$1,Sheet4!$A$1:$M$1,0),0) -> 56
A218: 217 | B218: 26210003 | C218: Dsp Dot Com Computer Education | D218: MS-CIT Renewed | E218: Urban | F218: Jalna | G218: Jalna | H218: Jalna | I218: Maharashtra | J218: NEAR GANPATI GALLI, OLD JALNA, JALNAJALNA-431213 | K218: 8888033701 | L218: 02482-243162 | M218: 26210003@mkcl.org | N218: Sambhaji Tagad | O218: =VLOOKUP($B218,Sheet4!$A$1:$M$4092,MATCH('MASTER DATA'!O$1,Sheet4!$A$1:$M$1,0),0) -> 27 | P218: =VLOOKUP($B218,Sheet4!$A$1:$M$4092,MATCH('MASTER DATA'!P$1,Sheet4!$A$1:$M$1,0),0) -> 40 | Q218: =VLOOKUP($B218,Sheet4!$A$1:$M$4092,MATCH('MASTER DATA'!Q$1,Sheet4!$A$1:$M$1,0),0) -> 13 | R218: =VLOOKUP($B218,Sheet4!$A$1:$M$4092,MATCH('MASTER DATA'!R$1,Sheet4!$A$1:$M$1,0),0) -> 130 | S218: =VLOOKUP($B218,Sheet4!$A$1:$M$4092,MATCH('MASTER DATA'!S$1,Sheet4!$A$1:$M$1,0),0) -> 154 | T218: =VLOOKUP($B218,Sheet4!$A$1:$M$4092,MATCH('MASTER DATA'!T$1,Sheet4!$A$1:$M$1,0),0) -> 48 | U218: =VLOOKUP($B218,Sheet4!$A$1:$M$4092,MATCH('MASTER DATA'!U$1,Sheet4!$A$1:$M$1,0),0) -> 56 | V218: =VLOOKUP($B218,Sheet4!$A$1:$M$4092,MATCH('MASTER DATA'!V$1,Sheet4!$A$1:$M$1,0),0) -> 18 | ... Z218: =VLOOKUP($B218,Sheet4!$A$1:$M$4092,MATCH('MASTER DATA'!Z$1,Sheet4!$A$1:$M$1,0),0) -> 15
A219: 218 | B219: 26210052 | C219: Bright Computers | D219: MS-CIT Renewed | E219: Urban | F219: Badnapur | G219: Badnapur | H219: Jalna | I219: Maharashtra | J219: GANPATI GALLI,BADNAPURBADNAPUR-431202 | K219: 9423458088 | L219: 02482-261237 | M219: 26210052@mkcl.org | N219: Sambhaji Tagad | O219: =VLOOKUP($B219,Sheet4!$A$1:$M$4092,MATCH('MASTER DATA'!O$1,Sheet4!$A$1:$M$1,0),0) -> 33 | P219: =VLOOKUP($B219,Sheet4!$A$1:$M$4092,MATCH('MASTER DATA'!P$1,Sheet4!$A$1:$M$1,0),0) -> 32 | Q219: =VLOOKUP($B219,Sheet4!$A$1:$M$4092,MATCH('MASTER DATA'!Q$1,Sheet4!$A$1:$M$1,0),0) -> 8 | R219: =VLOOKUP($B219,Sheet4!$A$1:$M$4092,MATCH('MASTER DATA'!R$1,Sheet4!$A$1:$M$1,0),0) -> 194 | S219: =VLOOKUP($B219,Sheet4!$A$1:$M$4092,MATCH('MASTER DATA'!S$1,Sheet4!$A$1:$M$1,0),0) -> 37 | T219: =VLOOKUP($B219,Sheet4!$A$1:$M$4092,MATCH('MASTER DATA'!T$1,Sheet4!$A$1:$M$1,0),0) -> 16 | U219: =VLOOKUP($B219,Sheet4!$A$1:$M$4092,MATCH('MASTER DATA'!U$1,Sheet4!$A$1:$M$1,0),0) -> 62 | V219: =VLOOKUP($B219,Sheet4!$A$1:$M$4092,MATCH('MASTER DATA'!V$1,Sheet4!$A$1:$M$1,0),0) -> 15 | ... Z219: =VLOOKUP($B219,Sheet4!$A$1:$M$4092,MATCH('MASTER DATA'!Z$1,Sheet4!$A$1:$M$1,0),0) -> 4
... A528: 527 | B528: 77210075 | C528: ATHARV COMPUTERS | D528: MS-CIT NCR-2019 | E528: Urban | F528: PUNE | G528: Haveli | H528: Pune | I528: Maharashtra | J528: H. NO. 2267 SAHAYOGNAGARPUNE-411062 | K528: 7350047662 | L528: - | M528: 77210075@mkcl.org | N528: Sharad Jagtap | O528: =VLOOKUP($B528,Sheet4!$A$1:$M$4092,MATCH('MASTER DATA'!O$1,Sheet4!$A$1:$M$1,0),0) -> 0 | P528: =VLOOKUP($B528,Sheet4!$A$1:$M$4092,MATCH('MASTER DATA'!P$1,Sheet4!$A$1:$M$1,0),0) -> 9 | Q528: =VLOOKUP($B528,Sheet4!$A$1:$M$4092,MATCH('MASTER DATA'!Q$1,Sheet4!$A$1:$M$1,0),0) -> 0 | R528: =VLOOKUP($B528,Sheet4!$A$1:$M$4092,MATCH('MASTER DATA'!R$1,Sheet4!$A$1:$M$1,0),0) -> 57 | S528: =VLOOKUP($B528,Sheet4!$A$1:$M$4092,MATCH('MASTER DATA'!S$1,Sheet4!$A$1:$M$1,0),0) -> 0 | T528: =VLOOKUP($B528,Sheet4!$A$1:$M$4092,MATCH('MASTER DATA'!T$1,Sheet4!$A$1:$M$1,0),0) -> 0 | U528: =VLOOKUP($B528,Sheet4!$A$1:$M$4092,MATCH('MASTER DATA'!U$1,Sheet4!$A$1:$M$1,0),0) -> 12 | V528: =VLOOKUP($B528,Sheet4!$A$1:$M$4092,MATCH('MASTER DATA'!V$1,Sheet4!$A$1:$M$1,0),0) -> 15 | ... Z528: =VLOOKUP($B528,Sheet4!$A$1:$M$4092,MATCH('MASTER DATA'!Z$1,Sheet4!$A$1:$M$1,0),0) -> 4
A529: 528 | B529: 87210039 | C529: HIGH TECH COMPUTER EDUCATION | D529: MS-CIT NCR-2019 | E529: Rural | G529: Haveli | H529: Pune | I529: Maharashtra | J529: NEAR DESTINATION CENTRE-411041 | K529: 8459333319 | L529: - | M529: 87210039@mkcl.org | N529: Sharad Jagtap | O529: =VLOOKUP($B529,Sheet4!$A$1:$M$4092,MATCH('MASTER DATA'!O$1,Sheet4!$A$1:$M$1,0),0) -> 0 | P529: =VLOOKUP($B529,Sheet4!$A$1:$M$4092,MATCH('MASTER DATA'!P$1,Sheet4!$A$1:$M$1,0),0) -> 0 | Q529: =VLOOKUP($B529,Sheet4!$A$1:$M$4092,MATCH('MASTER DATA'!Q$1,Sheet4!$A$1:$M$1,0),0) -> 0 | R529: =VLOOKUP($B529,Sheet4!$A$1:$M$4092,MATCH('MASTER DATA'!R$1,Sheet4!$A$1:$M$1,0),0) -> 26 | S529: =VLOOKUP($B529,Sheet4!$A$1:$M$4092,MATCH('MASTER DATA'!S$1,Sheet4!$A$1:$M$1,0),0) -> 0 | T529: =VLOOKUP($B529,Sheet4!$A$1:$M$4092,MATCH('MASTER DATA'!T$1,Sheet4!$A$1:$M$1,0),0) -> 3 | U529: =VLOOKUP($B529,Sheet4!$A$1:$M$4092,MATCH('MASTER DATA'!U$1,Sheet4!$A$1:$M$1,0),0) -> 0 | V529: =VLOOKUP($B529,Sheet4!$A$1:$M$4092,MATCH('MASTER DATA'!V$1,Sheet4!$A$1:$M$1,0),0) -> 10 | ... Z529: =VLOOKUP($B529,Sheet4!$A$1:$M$4092,MATCH('MASTER DATA'!Z$1,Sheet4!$A$1:$M$1,0),0) -> 0
A530: 529 | B530: 77210077 | C530: Anmol Computers | D530: MS-CIT NCR-2019 | E530: Rural | F530: Shel-Pimpalgaon | G530: Khed | H530: Pune | I530: Maharashtra | J530: DAUNDKAR BUILDINGSHEL-PIMPALGAON-410501 | K530: 9527412773 | L530: - | M530: 77210077@mkcl.org | N530: Sharad Jagtap | O530: =VLOOKUP($B530,Sheet4!$A$1:$M$4092,MATCH('MASTER DATA'!O$1,Sheet4!$A$1:$M$1,0),0) -> 0 | P530: =VLOOKUP($B530,Sheet4!$A$1:$M$4092,MATCH('MASTER DATA'!P$1,Sheet4!$A$1:$M$1,0),0) -> 0 | Q530: =VLOOKUP($B530,Sheet4!$A$1:$M$4092,MATCH('MASTER DATA'!Q$1,Sheet4!$A$1:$M$1,0),0) -> 0 | R530: =VLOOKUP($B530,Sheet4!$A$1:$M$4092,MATCH('MASTER DATA'!R$1,Sheet4!$A$1:$M$1,0),0) -> 50 | S530: =VLOOKUP($B530,Sheet4!$A$1:$M$4092,MATCH('MASTER DATA'!S$1,Sheet4!$A$1:$M$1,0),0) -> 0 | T530: =VLOOKUP($B530,Sheet4!$A$1:$M$4092,MATCH('MASTER DATA'!T$1,Sheet4!$A$1:$M$1,0),0) -> 0 | U530: =VLOOKUP($B530,Sheet4!$A$1:$M$4092,MATCH('MASTER DATA'!U$1,Sheet4!$A$1:$M$1,0),0) -> 2 | V530: =VLOOKUP($B530,Sheet4!$A$1:$M$4092,MATCH('MASTER DATA'!V$1,Sheet4!$A$1:$M$1,0),0) -> 2 | ... Z530: =VLOOKUP($B530,Sheet4!$A$1:$M$4092,MATCH('MASTER DATA'!Z$1,Sheet4!$A$1:$M$1,0),0) -> 0
A531: 530 | B531: 77210078 | C531: Anmol Computers | D531: MS-CIT NCR-2019 | E531: Rural | G531: Khed | H531: Pune | I531: Maharashtra | J531: KHAIRE BUILDING-410501 | K531: 9021892221 | L531: - | M531: 77210078@mkcl.org | N531: Sharad Jagtap | O531: =VLOOKUP($B531,Sheet4!$A$1:$M$4092,MATCH('MASTER DATA'!O$1,Sheet4!$A$1:$M$1,0),0) -> 0 | P531: =VLOOKUP($B531,Sheet4!$A$1:$M$4092,MATCH('MASTER DATA'!P$1,Sheet4!$A$1:$M$1,0),0) -> 0 | Q531: =VLOOKUP($B531,Sheet4!$A$1:$M$4092,MATCH('MASTER DATA'!Q$1,Sheet4!$A$1:$M$1,0),0) -> 0 | R531: =VLOOKUP($B531,Sheet4!$A$1:$M$4092,MATCH('MASTER DATA'!R$1,Sheet4!$A$1:$M$1,0),0) -> 48 | S531: =VLOOKUP($B531,Sheet4!$A$1:$M$4092,MATCH('MASTER DATA'!S$1,Sheet4!$A$1:$M$1,0),0) -> 0 | T531: =VLOOKUP($B531,Sheet4!$A$1:$M$4092,MATCH('MASTER DATA'!T$1,Sheet4!$A$1:$M$1,0),0) -> 0 | U531: =VLOOKUP($B531,Sheet4!$A$1:$M$4092,MATCH('MASTER DATA'!U$1,Sheet4!$A$1:$M$1,0),0) -> 3 | V531: =VLOOKUP($B531,Sheet4!$A$1:$M$4092,MATCH('MASTER DATA'!V$1,Sheet4!$A$1:$M$1,0),0) -> 0 | ... Z531: =VLOOKUP($B531,Sheet4!$A$1:$M$4092,MATCH('MASTER DATA'!Z$1,Sheet4!$A$1:$M$1,0),0) -> 0
A532: 531 | B532: 77210079 | C532: Katariya Vocational Training Center | D532: MS-CIT NCR-2019 | E532: Urban | F532: Pimpri Chinchwad | G532: Haveli | H532: Pune | I532: Maharashtra | J532: SHOP NO-1,GROUND FLOOR,VIJAYALAXMI APARTMENT,PLOT NO.62,BIJALINAGARPIMPRI CHINCHWAD-411035 | K532: 9028883258 | L532: 020-27641284 | M532: 77210079@mkcl.org | N532: Sharad Jagtap | O532: =VLOOKUP($B532,Sheet4!$A$1:$M$4092,MATCH('MASTER DATA'!O$1,Sheet4!$A$1:$M$1,0),0) -> 0 | P532: =VLOOKUP($B532,Sheet4!$A$1:$M$4092,MATCH('MASTER DATA'!P$1,Sheet4!$A$1:$M$1,0),0) -> 0 | Q532: =VLOOKUP($B532,Sheet4!$A$1:$M$4092,MATCH('MASTER DATA'!Q$1,Sheet4!$A$1:$M$1,0),0) -> 0 | R532: =VLOOKUP($B532,Sheet4!$A$1:$M$4092,MATCH('MASTER DATA'!R$1,Sheet4!$A$1:$M$1,0),0) -> 41 | S532: =VLOOKUP($B532,Sheet4!$A$1:$M$4092,MATCH('MASTER DATA'!S$1,Sheet4!$A$1:$M$1,0),0) -> 0 | T532: =VLOOKUP($B532,Sheet4!$A$1:$M$4092,MATCH('MASTER DATA'!T$1,Sheet4!$A$1:$M$1,0),0) -> 24 | U532: =VLOOKUP($B532,Sheet4!$A$1:$M$4092,MATCH('MASTER DATA'!U$1,Sheet4!$A$1:$M$1,0),0) -> 6 | V532: =VLOOKUP($B532,Sheet4!$A$1:$M$4092,MATCH('MASTER DATA'!V$1,Sheet4!$A$1:$M$1,0),0) -> 14 | ... Z532: =VLOOKUP($B532,Sheet4!$A$1:$M$4092,MATCH('MASTER DATA'!Z$1,Sheet4!$A$1:$M$1,0),0) -> 0
A533: 532 | B533: 27210319 | C533: SOFT JOY COMPUTER EDUCATION | D533: MS-CIT Renewed | E533: Urban | F533: PUNE | G533: Haveli | H533: Pune | I533: Maharashtra | J533: SR NO. 4/1/2/1, KANSE SADAN, MARUTI KANSE PATH, AUNDH POST, PIMPLE NILAKHPUNE-411027 | K533: 9881161363 | L533: 020-27276847 | M533: 27210319@mkcl.org | N533: Sharad Jagtap | O533: =VLOOKUP($B533,Sheet4!$A$1:$M$4092,MATCH('MASTER DATA'!O$1,Sheet4!$A$1:$M$1,0),0) -> 5 | P533: =VLOOKUP($B533,Sheet4!$A$1:$M$4092,MATCH('MASTER DATA'!P$1,Sheet4!$A$1:$M$1,0),0) -> 15 | Q533: =VLOOKUP($B533,Sheet4!$A$1:$M$4092,MATCH('MASTER DATA'!Q$1,Sheet4!$A$1:$M$1,0),0) -> 20 | R533: =VLOOKUP($B533,Sheet4!$A$1:$M$4092,MATCH('MASTER DATA'!R$1,Sheet4!$A$1:$M$1,0),0) -> 119 | S533: =VLOOKUP($B533,Sheet4!$A$1:$M$4092,MATCH('MASTER DATA'!S$1,Sheet4!$A$1:$M$1,0),0) -> 43 | T533: =VLOOKUP($B533,Sheet4!$A$1:$M$4092,MATCH('MASTER DATA'!T$1,Sheet4!$A$1:$M$1,0),0) -> 94 | U533: =VLOOKUP($B533,Sheet4!$A$1:$M$4092,MATCH('MASTER DATA'!U$1,Sheet4!$A$1:$M$1,0),0) -> 80 | V533: =VLOOKUP($B533,Sheet4!$A$1:$M$4092,MATCH('MASTER DATA'!V$1,Sheet4!$A$1:$M$1,0),0) -> 42 | ... Z533: =VLOOKUP($B533,Sheet4!$A$1:$M$4092,MATCH('MASTER DATA'!Z$1,Sheet4!$A$1:$M$1,0),0) -> 0
A534: 533 | B534: 19210012 | C534: Bits And Bytes | D534: MS-CIT Renewed | E534: Urban | F534: Roha | G534: Roha | H534: Raigad | I534: Maharashtra | J534: 1 ST. FLOOR, NIRMAN PLAZA, ROHA S.T. STAND,ROHA-402109 | K534: 9272980098 | L534: 02194-232844 | M534: 19210012@mkcl.org | N534: Kumar Katare | O534: =VLOOKUP($B534,Sheet4!$A$1:$M$4092,MATCH('MASTER DATA'!O$1,Sheet4!$A$1:$M$1,0),0) -> 83 | P534: =VLOOKUP($B534,Sheet4!$A$1:$M$4092,MATCH('MASTER DATA'!P$1,Sheet4!$A$1:$M$1,0),0) -> 89 | Q534: =VLOOKUP($B534,Sheet4!$A$1:$M$4092,MATCH('MASTER DATA'!Q$1,Sheet4!$A$1:$M$1,0),0) -> 78 | R534: =VLOOKUP($B534,Sheet4!$A$1:$M$4092,MATCH('MASTER DATA'!R$1,Sheet4!$A$1:$M$1,0),0) -> 567 | S534: =VLOOKUP($B534,Sheet4!$A$1:$M$4092,MATCH('MASTER DATA'!S$1,Sheet4!$A$1:$M$1,0),0) -> 274 | T534: =VLOOKUP($B534,Sheet4!$A$1:$M$4092,MATCH('MASTER DATA'!T$1,Sheet4!$A$1:$M$1,0),0) -> 21 | U534: =VLOOKUP($B534,Sheet4!$A$1:$M$4092,MATCH('MASTER DATA'!U$1,Sheet4!$A$1:$M$1,0),0) -> 181 | V534: =VLOOKUP($B534,Sheet4!$A$1:$M$4092,MATCH('MASTER DATA'!V$1,Sheet4!$A$1:$M$1,0),0) -> 48 | ... Z534: =VLOOKUP($B534,Sheet4!$A$1:$M$4092,MATCH('MASTER DATA'!Z$1,Sheet4!$A$1:$M$1,0),0) -> 35
A535: 534 | B535: 19210014 | C535: Sict Computer Education | D535: MS-CIT Renewed | E535: Urban | F535: Panvel | G535: Panvel | H535: Raigad | I535: Maharashtra | J535: 1, STANDVIEW BH ST BUS DEPOT,PANVELPANVEL-410206 | K535: 9819192156 | L535: 022-27456786 | M535: 19210014@mkcl.org | N535: Kumar Katare | O535: =VLOOKUP($B535,Sheet4!$A$1:$M$4092,MATCH('MASTER DATA'!O$1,Sheet4!$A$1:$M$1,0),0) -> 58 | P535: =VLOOKUP($B535,Sheet4!$A$1:$M$4092,MATCH('MASTER DATA'!P$1,Sheet4!$A$1:$M$1,0),0) -> 91 | Q535: =VLOOKUP($B535,Sheet4!$A$1:$M$4092,MATCH('MASTER DATA'!Q$1,Sheet4!$A$1:$M$1,0),0) -> 150 | R535: =VLOOKUP($B535,Sheet4!$A$1:$M$4092,MATCH('MASTER DATA'!R$1,Sheet4!$A$1:$M$1,0),0) -> 387 | S535: =VLOOKUP($B535,Sheet4!$A$1:$M$4092,MATCH('MASTER DATA'!S$1,Sheet4!$A$1:$M$1,0),0) -> 115 | T535: =VLOOKUP($B535,Sheet4!$A$1:$M$4092,MATCH('MASTER DATA'!T$1,Sheet4!$A$1:$M$1,0),0) -> 67 | U535: =VLOOKUP($B535,Sheet4!$A$1:$M$4092,MATCH('MASTER DATA'!U$1,Sheet4!$A$1:$M$1,0),0) -> 109 | V535: =VLOOKUP($B535,Sheet4!$A$1:$M$4092,MATCH('MASTER DATA'!V$1,Sheet4!$A$1:$M$1,0),0) -> 55 | ... Z535: =VLOOKUP($B535,Sheet4!$A$1:$M$4092,MATCH('MASTER DATA'!Z$1,Sheet4!$A$1:$M$1,0),0) -> 24
A536: 535 | B536: 19210017 | C536: Design Comp-Tech Systems | D536: MS-CIT Renewed | E536: Rural | F536: Nagaon-Office | G536: Alibag | H536: Raigad | I536: Maharashtra | J536: DESIGN COMP- TECH SYSTEMS, ALIBAGAT POST NAGAON -OFFICENAGAON-OFFICE-402204 | K536: 9421254610 | L536: 02141-245290 | M536: 19210017@mkcl.org | N536: Kumar Katare | O536: =VLOOKUP($B536,Sheet4!$A$1:$M$4092,MATCH('MASTER DATA'!O$1,Sheet4!$A$1:$M$1,0),0) -> 7 | P536: =VLOOKUP($B536,Sheet4!$A$1:$M$4092,MATCH('MASTER DATA'!P$1,Sheet4!$A$1:$M$1,0),0) -> 4 | Q536: =VLOOKUP($B536,Sheet4!$A$1:$M$4092,MATCH('MASTER DATA'!Q$1,Sheet4!$A$1:$M$1,0),0) -> 36 | R536: =VLOOKUP($B536,Sheet4!$A$1:$M$4092,MATCH('MASTER DATA'!R$1,Sheet4!$A$1:$M$1,0),0) -> 182 | S536: =VLOOKUP($B536,Sheet4!$A$1:$M$4092,MATCH('MASTER DATA'!S$1,Sheet4!$A$1:$M$1,0),0) -> 145 | T536: =VLOOKUP($B536,Sheet4!$A$1:$M$4092,MATCH('MASTER DATA'!T$1,Sheet4!$A$1:$M$1,0),0) -> 3 | U536: =VLOOKUP($B536,Sheet4!$A$1:$M$4092,MATCH('MASTER DATA'!U$1,Sheet4!$A$1:$M$1,0),0) -> 35 | V536: =VLOOKUP($B536,Sheet4!$A$1:$M$4092,MATCH('MASTER DATA'!V$1,Sheet4!$A$1:$M$1,0),0) -> 17 | ... Z536: =VLOOKUP($B536,Sheet4!$A$1:$M$4092,MATCH('MASTER DATA'!Z$1,Sheet4!$A$1:$M$1,0),0) -> 0
A537: 536 | B537: 19210032 | C537: V-Tech Computer Education | D537: MS-CIT Renewed | E537: Rural | F537: Alibag | G537: Alibag | H537: Raigad | I537: Maharashtra | J537: AT. CHONDHI PO. CHONDHI,ALIBAG, RAIGADALIBAG-402201 | K537: 9209595125 | L537: 02141-232125 | M537: 19210032@mkcl.org | N537: Kumar Katare | O537: =VLOOKUP($B537,Sheet4!$A$1:$M$4092,MATCH('MASTER DATA'!O$1,Sheet4!$A$1:$M$1,0),0) -> 15 | P537: =VLOOKUP($B537,Sheet4!$A$1:$M$4092,MATCH('MASTER DATA'!P$1,Sheet4!$A$1:$M$1,0),0) -> 20 | Q537: =VLOOKUP($B537,Sheet4!$A$1:$M$4092,MATCH('MASTER DATA'!Q$1,Sheet4!$A$1:$M$1,0),0) -> 9 | R537: =VLOOKUP($B537,Sheet4!$A$1:$M$4092,MATCH('MASTER DATA'!R$1,Sheet4!$A$1:$M$1,0),0) -> 107 | S537: =VLOOKUP($B537,Sheet4!$A$1:$M$4092,MATCH('MASTER DATA'!S$1,Sheet4!$A$1:$M$1,0),0) -> 58 | T537: =VLOOKUP($B537,Sheet4!$A$1:$M$4092,MATCH('MASTER DATA'!T$1,Sheet4!$A$1:$M$1,0),0) -> 3 | U537: =VLOOKUP($B537,Sheet4!$A$1:$M$4092,MATCH('MASTER DATA'!U$1,Sheet4!$A$1:$M$1,0),0) -> 20 | V537: =VLOOKUP($B537,Sheet4!$A$1:$M$4092,MATCH('MASTER DATA'!V$1,Sheet4!$A$1:$M$1,0),0) -> 2 | ... Z537: =VLOOKUP($B537,Sheet4!$A$1:$M$4092,MATCH('MASTER DATA'!Z$1,Sheet4!$A$1:$M$1,0),0) -> 9
A538: 537 | B538: 19210015 | C538: The Apple Computer | D538: MS-CIT Renewed | E538: Rural | F538: Revdanda | G538: Alibag | H538: Raigad | I538: Maharashtra | J538: REVDANDA, MARUTI ALIPAR-NAKAREVDANDA-402202 | K538: 9421159084 | L538: 02141-241145 | M538: 19210015@mkcl.org | N538: Kumar Katare | O538: =VLOOKUP($B538,Sheet4!$A$1:$M$4092,MATCH('MASTER DATA'!O$1,Sheet4!$A$1:$M$1,0),0) -> 23 | P538: =VLOOKUP($B538,Sheet4!$A$1:$M$4092,MATCH('MASTER DATA'!P$1,Sheet4!$A$1:$M$1,0),0) -> 6 | Q538: =VLOOKUP($B538,Sheet4!$A$1:$M$4092,MATCH('MASTER DATA'!Q$1,Sheet4!$A$1:$M$1,0),0) -> 57 | R538: =VLOOKUP($B538,Sheet4!$A$1:$M$4092,MATCH('MASTER DATA'!R$1,Sheet4!$A$1:$M$1,0),0) -> 275 | S538: =VLOOKUP($B538,Sheet4!$A$1:$M$4092,MATCH('MASTER DATA'!S$1,Sheet4!$A$1:$M$1,0),0) -> 149 | T538: =VLOOKUP($B538,Sheet4!$A$1:$M$4092,MATCH('MASTER DATA'!T$1,Sheet4!$A$1:$M$1,0),0) -> 19 | U538: =VLOOKUP($B538,Sheet4!$A$1:$M$4092,MATCH('MASTER DATA'!U$1,Sheet4!$A$1:$M$1,0),0) -> 68 | V538: =VLOOKUP($B538,Sheet4!$A$1:$M$4092,MATCH('MASTER DATA'!V$1,Sheet4!$A$1:$M$1,0),0) -> 7 | ... Z538: =VLOOKUP($B538,Sheet4!$A$1:$M$4092,MATCH('MASTER DATA'!Z$1,Sheet4!$A$1:$M$1,0),0) -> 10
A539: 538 | B539: 19210145 | C539: KEERTI COMPUTER INSTITUTE | D539: MS-CIT Renewed | E539: Urban | F539: PANVEL | G539: Panvel | H539: Raigad | I539: Maharashtra | J539: PLOT NO 6,SECTOR-19,OFFICE NO 124,1ST FLOOR,SHIVA COMPLEX,NEAR SHIVA COMPLEX POLICE CHOWKI,NEW PANVEL :- 410206PANVEL-410206 | K539: 8433630608 | L539: 022-00000000 | M539: 19210145@mkcl.org | N539: Kumar Katare | O539: =VLOOKUP($B539,Sheet4!$A$1:$M$4092,MATCH('MASTER DATA'!O$1,Sheet4!$A$1:$M$1,0),0) -> 17 | P539: =VLOOKUP($B539,Sheet4!$A$1:$M$4092,MATCH('MASTER DATA'!P$1,Sheet4!$A$1:$M$1,0),0) -> 9 | Q539: =VLOOKUP($B539,Sheet4!$A$1:$M$4092,MATCH('MASTER DATA'!Q$1,Sheet4!$A$1:$M$1,0),0) -> 43 | R539: =VLOOKUP($B539,Sheet4!$A$1:$M$4092,MATCH('MASTER DATA'!R$1,Sheet4!$A$1:$M$1,0),0) -> 133 | S539: =VLOOKUP($B539,Sheet4!$A$1:$M$4092,MATCH('MASTER DATA'!S$1,Sheet4!$A$1:$M$1,0),0) -> 143 | T539: =VLOOKUP($B539,Sheet4!$A$1:$M$4092,MATCH('MASTER DATA'!T$1,Sheet4!$A$1:$M$1,0),0) -> 18 | U539: =VLOOKUP($B539,Sheet4!$A$1:$M$4092,MATCH('MASTER DATA'!U$1,Sheet4!$A$1:$M$1,0),0) -> 98 | V539: =VLOOKUP($B539,Sheet4!$A$1:$M$4092,MATCH('MASTER DATA'!V$1,Sheet4!$A$1:$M$1,0),0) -> 23 | ... Z539: =VLOOKUP($B539,Sheet4!$A$1:$M$4092,MATCH('MASTER DATA'!Z$1,Sheet4!$A$1:$M$1,0),0) -> 16
A540: 539 | B540: 19210296 | C540: PRATIK COMPUTERS | D540: MS-CIT NCR-2017 | E540: Urban | F540: KHARGHAR | G540: Panvel | H540: Raigad | I540: Maharashtra | J540: SHIVTIRTH CHS, PLOT NO. 258, SECTOR -10, KHARGHAR, 410210KHARGHAR-410210 | K540: 9869900333 | L540: - | M540: 19210296@mkcl.org | N540: Kumar Katare | O540: =VLOOKUP($B540,Sheet4!$A$1:$M$4092,MATCH('MASTER DATA'!O$1,Sheet4!$A$1:$M$1,0),0) -> 1 | P540: =VLOOKUP($B540,Sheet4!$A$1:$M$4092,MATCH('MASTER DATA'!P$1,Sheet4!$A$1:$M$1,0),0) -> 4 | Q540: =VLOOKUP($B540,Sheet4!$A$1:$M$4092,MATCH('MASTER DATA'!Q$1,Sheet4!$A$1:$M$1,0),0) -> 4 | R540: =VLOOKUP($B540,Sheet4!$A$1:$M$4092,MATCH('MASTER DATA'!R$1,Sheet4!$A$1:$M$1,0),0) -> 21 | S540: =VLOOKUP($B540,Sheet4!$A$1:$M$4092,MATCH('MASTER DATA'!S$1,Sheet4!$A$1:$M$1,0),0) -> 13 | T540: =VLOOKUP($B540,Sheet4!$A$1:$M$4092,MATCH('MASTER DATA'!T$1,Sheet4!$A$1:$M$1,0),0) -> 12 | U540: =VLOOKUP($B540,Sheet4!$A$1:$M$4092,MATCH('MASTER DATA'!U$1,Sheet4!$A$1:$M$1,0),0) -> 30 | V540: =VLOOKUP($B540,Sheet4!$A$1:$M$4092,MATCH('MASTER DATA'!V$1,Sheet4!$A$1:$M$1,0),0) -> 9 | ... Z540: =VLOOKUP($B540,Sheet4!$A$1:$M$4092,MATCH('MASTER DATA'!Z$1,Sheet4!$A$1:$M$1,0),0) -> 2
A541: 540 | B541: 29210090 | C541: UNITECH COMPUTER EDUCATION CENTER | D541: MS-CIT Renewed | E541: Rural | F541: Shringartali | G541: Guhagar | H541: Ratnagiri | I541: Maharashtra | J541: ABOVE SYNDICATE BANK, TANDEL COMPLEX, SHRINGARTALI SHRINGARTALI-415724 | K541: 9657898382 | L541: 02359-244597 | M541: 29210090@mkcl.org | N541: Kumar Katare | O541: =VLOOKUP($B541,Sheet4!$A$1:$M$4092,MATCH('MASTER DATA'!O$1,Sheet4!$A$1:$M$1,0),0) -> 57 | P541: =VLOOKUP($B541,Sheet4!$A$1:$M$4092,MATCH('MASTER DATA'!P$1,Sheet4!$A$1:$M$1,0),0) -> 57 | Q541: =VLOOKUP($B541,Sheet4!$A$1:$M$4092,MATCH('MASTER DATA'!Q$1,Sheet4!$A$1:$M$1,0),0) -> 226 | R541: =VLOOKUP($B541,Sheet4!$A$1:$M$4092,MATCH('MASTER DATA'!R$1,Sheet4!$A$1:$M$1,0),0) -> 1008 | S541: =VLOOKUP($B541,Sheet4!$A$1:$M$4092,MATCH('MASTER DATA'!S$1,Sheet4!$A$1:$M$1,0),0) -> 87 | T541: =VLOOKUP($B541,Sheet4!$A$1:$M$4092,MATCH('MASTER DATA'!T$1,Sheet4!$A$1:$M$1,0),0) -> 88 | U541: =VLOOKUP($B541,Sheet4!$A$1:$M$4092,MATCH('MASTER DATA'!U$1,Sheet4!$A$1:$M$1,0),0) -> 326 | V541: =VLOOKUP($B541,Sheet4!$A$1:$M$4092,MATCH('MASTER DATA'!V$1,Sheet4!$A$1:$M$1,0),0) -> 66 | ... Z541: =VLOOKUP($B541,Sheet4!$A$1:$M$4092,MATCH('MASTER DATA'!Z$1,Sheet4!$A$1:$M$1,0),0) -> 21
A542: 541 | B542: 29210181 | C542: Gurukrupa Computer,Pachal | D542: MS-CIT NCR-2017 | E542: Rural | F542: Pachal | G542: Rajapur | H542: Ratnagiri | I542: Maharashtra | J542: AP-PACHAL,TAL.RAJAPUR,DIST.RATNAGIRI-416704, NEAR JUNIOR COLLAGE,PACHALPACHAL-416704 | K542: 8149378341 | L542: 02353-223031 | M542: 29210181@mkcl.org | N542: Kumar Katare | O542: =VLOOKUP($B542,Sheet4!$A$1:$M$4092,MATCH('MASTER DATA'!O$1,Sheet4!$A$1:$M$1,0),0) -> 1 | P542: =VLOOKUP($B542,Sheet4!$A$1:$M$4092,MATCH('MASTER DATA'!P$1,Sheet4!$A$1:$M$1,0),0) -> 17 | Q542: =VLOOKUP($B542,Sheet4!$A$1:$M$4092,MATCH('MASTER DATA'!Q$1,Sheet4!$A$1:$M$1,0),0) -> 14 | R542: =VLOOKUP($B542,Sheet4!$A$1:$M$4092,MATCH('MASTER DATA'!R$1,Sheet4!$A$1:$M$1,0),0) -> 59 | S542: =VLOOKUP($B542,Sheet4!$A$1:$M$4092,MATCH('MASTER DATA'!S$1,Sheet4!$A$1:$M$1,0),0) -> 2 | T542: =VLOOKUP($B542,Sheet4!$A$1:$M$4092,MATCH('MASTER DATA'!T$1,Sheet4!$A$1:$M$1,0),0) -> 7 | U542: =VLOOKUP($B542,Sheet4!$A$1:$M$4092,MATCH('MASTER DATA'!U$1,Sheet4!$A$1:$M$1,0),0) -> 15 | V542: =VLOOKUP($B542,Sheet4!$A$1:$M$4092,MATCH('MASTER DATA'!V$1,Sheet4!$A$1:$M$1,0),0) -> 3 | ... Z542: =VLOOKUP($B542,Sheet4!$A$1:$M$4092,MATCH('MASTER DATA'!Z$1,Sheet4!$A$1:$M$1,0),0) -> 1
A543: 542 | B543: 23210252 | C543: Phinix Computer Education, Ramanandnagar(Kirloskarwadi) | D543: MS-CIT Renewed | E543: Rural | F543: Kiloskarwadi | G543: Palus | H543: Sangli | I543: Maharashtra | J543: SERVE NO. 1002, SAWANT BUILDING, BURLI ROAD, KILOSKARWADIKILOSKARWADI-416308 | K543: 9860119582 | L543: 02346-222106 | M543: 23210252@mkcl.org | N543: Sharad Jagtap | O543: =VLOOKUP($B543,Sheet4!$A$1:$M$4092,MATCH('MASTER DATA'!O$1,Sheet4!$A$1:$M$1,0),0) -> 6 | P543: =VLOOKUP($B543,Sheet4!$A$1:$M$4092,MATCH('MASTER DATA'!P$1,Sheet4!$A$1:$M$1,0),0) -> 4 | Q543: =VLOOKUP($B543,Sheet4!$A$1:$M$4092,MATCH('MASTER DATA'!Q$1,Sheet4!$A$1:$M$1,0),0) -> 153 | R543: =VLOOKUP($B543,Sheet4!$A$1:$M$4092,MATCH('MASTER DATA'!R$1,Sheet4!$A$1:$M$1,0),0) -> 522 | S543: =VLOOKUP($B543,Sheet4!$A$1:$M$4092,MATCH('MASTER DATA'!S$1,Sheet4!$A$1:$M$1,0),0) -> 52 | T543: =VLOOKUP($B543,Sheet4!$A$1:$M$4092,MATCH('MASTER DATA'!T$1,Sheet4!$A$1:$M$1,0),0) -> 18 | U543: =VLOOKUP($B543,Sheet4!$A$1:$M$4092,MATCH('MASTER DATA'!U$1,Sheet4!$A$1:$M$1,0),0) -> 44 | V543: =VLOOKUP($B543,Sheet4!$A$1:$M$4092,MATCH('MASTER DATA'!V$1,Sheet4!$A$1:$M$1,0),0) -> 5 | ... Z543: =VLOOKUP($B543,Sheet4!$A$1:$M$4092,MATCH('MASTER DATA'!Z$1,Sheet4!$A$1:$M$1,0),0) -> 2
... A553: 552 | B553: 13210003 | C553: Yashodhan Computers | D553: MS-CIT Renewed | E553: Rural | F553: Mayani | G553: Khatav | H553: Satara | I553: Maharashtra | J553: DARSHAN COMPLEX, BASEMENT, NEAR S.T. STAND, MAIN ROAD. TAL: KHATAV, DIST: SATARA.MAYANI-415102 | K553: 9970227228 | L553: 02161-270629 | M553: 13210003@mkcl.org | N553: Sharad Jagtap | O553: =VLOOKUP($B553,Sheet4!$A$1:$M$4092,MATCH('MASTER DATA'!O$1,Sheet4!$A$1:$M$1,0),0) -> 33 | P553: =VLOOKUP($B553,Sheet4!$A$1:$M$4092,MATCH('MASTER DATA'!P$1,Sheet4!$A$1:$M$1,0),0) -> 29 | Q553: =VLOOKUP($B553,Sheet4!$A$1:$M$4092,MATCH('MASTER DATA'!Q$1,Sheet4!$A$1:$M$1,0),0) -> 20 | R553: =VLOOKUP($B553,Sheet4!$A$1:$M$4092,MATCH('MASTER DATA'!R$1,Sheet4!$A$1:$M$1,0),0) -> 339 | S553: =VLOOKUP($B553,Sheet4!$A$1:$M$4092,MATCH('MASTER DATA'!S$1,Sheet4!$A$1:$M$1,0),0) -> 280 | T553: =VLOOKUP($B553,Sheet4!$A$1:$M$4092,MATCH('MASTER DATA'!T$1,Sheet4!$A$1:$M$1,0),0) -> 46 | U553: =VLOOKUP($B553,Sheet4!$A$1:$M$4092,MATCH('MASTER DATA'!U$1,Sheet4!$A$1:$M$1,0),0) -> 51 | V553: =VLOOKUP($B553,Sheet4!$A$1:$M$4092,MATCH('MASTER DATA'!V$1,Sheet4!$A$1:$M$1,0),0) -> 8 | ... Z553: =VLOOKUP($B553,Sheet4!$A$1:$M$4092,MATCH('MASTER DATA'!Z$1,Sheet4!$A$1:$M$1,0),0) -> 2
A554: 553 | B554: 13210370 | C554: SHREE COMPUTERS | D554: MS-CIT NCR-2019 | E554: Rural | F554: KATARKHATAV | G554: Khatav | H554: Satara | I554: Maharashtra | J554: 44KATARKHATAV-415507 | K554: 9881092390 | L554: -9881092390 | M554: 13210370@mkcl.org | N554: Sharad Jagtap | O554: =VLOOKUP($B554,Sheet4!$A$1:$M$4092,MATCH('MASTER DATA'!O$1,Sheet4!$A$1:$M$1,0),0) -> 0 | P554: =VLOOKUP($B554,Sheet4!$A$1:$M$4092,MATCH('MASTER DATA'!P$1,Sheet4!$A$1:$M$1,0),0) -> 12 | Q554: =VLOOKUP($B554,Sheet4!$A$1:$M$4092,MATCH('MASTER DATA'!Q$1,Sheet4!$A$1:$M$1,0),0) -> 0 | R554: =VLOOKUP($B554,Sheet4!$A$1:$M$4092,MATCH('MASTER DATA'!R$1,Sheet4!$A$1:$M$1,0),0) -> 31 | S554: =VLOOKUP($B554,Sheet4!$A$1:$M$4092,MATCH('MASTER DATA'!S$1,Sheet4!$A$1:$M$1,0),0) -> 0 | T554: =VLOOKUP($B554,Sheet4!$A$1:$M$4092,MATCH('MASTER DATA'!T$1,Sheet4!$A$1:$M$1,0),0) -> 0 | U554: =VLOOKUP($B554,Sheet4!$A$1:$M$4092,MATCH('MASTER DATA'!U$1,Sheet4!$A$1:$M$1,0),0) -> 1 | V554: =VLOOKUP($B554,Sheet4!$A$1:$M$4092,MATCH('MASTER DATA'!V$1,Sheet4!$A$1:$M$1,0),0) -> 0 | ... Z554: =VLOOKUP($B554,Sheet4!$A$1:$M$4092,MATCH('MASTER DATA'!Z$1,Sheet4!$A$1:$M$1,0),0) -> 10
A555: 554 | B555: 39210001 | C555: Perfect Infotech | D555: MS-CIT Renewed | E555: Urban | F555: Kankavli | G555: Kankavli | H555: Sindhudurg | I555: Maharashtra | J555: C/O DHALKATHI, MR. NARKAR HOUSE 1ST FLOOR, BAZARPETH ROAD KANKAVLI, TAL-KANKAVLI, DIST- SINDHUDURG 416602 KANKAVLI-416602 | K555: 9421144601 | L555: 02367-233064 | M555: 39210001@mkcl.org | N555: Kumar Katare | O555: =VLOOKUP($B555,Sheet4!$A$1:$M$4092,MATCH('MASTER DATA'!O$1,Sheet4!$A$1:$M$1,0),0) -> 41 | P555: =VLOOKUP($B555,Sheet4!$A$1:$M$4092,MATCH('MASTER DATA'!P$1,Sheet4!$A$1:$M$1,0),0) -> 34 | Q555: =VLOOKUP($B555,Sheet4!$A$1:$M$4092,MATCH('MASTER DATA'!Q$1,Sheet4!$A$1:$M$1,0),0) -> 36 | R555: =VLOOKUP($B555,Sheet4!$A$1:$M$4092,MATCH('MASTER DATA'!R$1,Sheet4!$A$1:$M$1,0),0) -> 245 | S555: =VLOOKUP($B555,Sheet4!$A$1:$M$4092,MATCH('MASTER DATA'!S$1,Sheet4!$A$1:$M$1,0),0) -> 133 | T555: =VLOOKUP($B555,Sheet4!$A$1:$M$4092,MATCH('MASTER DATA'!T$1,Sheet4!$A$1:$M$1,0),0) -> 11 | U555: =VLOOKUP($B555,Sheet4!$A$1:$M$4092,MATCH('MASTER DATA'!U$1,Sheet4!$A$1:$M$1,0),0) -> 69 | V555: =VLOOKUP($B555,Sheet4!$A$1:$M$4092,MATCH('MASTER DATA'!V$1,Sheet4!$A$1:$M$1,0),0) -> 34 | ... Z555: =VLOOKUP($B555,Sheet4!$A$1:$M$4092,MATCH('MASTER DATA'!Z$1,Sheet4!$A$1:$M$1,0),0) -> 6
A556: 555 | B556: 39210002 | C556: Mansi Enterprises | D556: MS-CIT Renewed | E556: Rural | F556: Oras | G556: Kudal | H556: Sindhudurg | I556: Maharashtra | J556: 74, SINDHU NAGARI PRIYANKA PHOTO, ORAS PHATA NH 17 BK6 ROAD, ORASORAS-416812 | K556: 9404941865 | L556: 02362-228765 | M556: 39210002@mkcl.org | N556: Kumar Katare | O556: =VLOOKUP($B556,Sheet4!$A$1:$M$4092,MATCH('MASTER DATA'!O$1,Sheet4!$A$1:$M$1,0),0) -> 30 | P556: =VLOOKUP($B556,Sheet4!$A$1:$M$4092,MATCH('MASTER DATA'!P$1,Sheet4!$A$1:$M$1,0),0) -> 25 | Q556: =VLOOKUP($B556,Sheet4!$A$1:$M$4092,MATCH('MASTER DATA'!Q$1,Sheet4!$A$1:$M$1,0),0) -> 54 | R556: =VLOOKUP($B556,Sheet4!$A$1:$M$4092,MATCH('MASTER DATA'!R$1,Sheet4!$A$1:$M$1,0),0) -> 111 | S556: =VLOOKUP($B556,Sheet4!$A$1:$M$4092,MATCH('MASTER DATA'!S$1,Sheet4!$A$1:$M$1,0),0) -> 33 | T556: =VLOOKUP($B556,Sheet4!$A$1:$M$4092,MATCH('MASTER DATA'!T$1,Sheet4!$A$1:$M$1,0),0) -> 16 | U556: =VLOOKUP($B556,Sheet4!$A$1:$M$4092,MATCH('MASTER DATA'!U$1,Sheet4!$A$1:$M$1,0),0) -> 33 | V556: =VLOOKUP($B556,Sheet4!$A$1:$M$4092,MATCH('MASTER DATA'!V$1,Sheet4!$A$1:$M$1,0),0) -> 18 | ... Z556: =VLOOKUP($B556,Sheet4!$A$1:$M$4092,MATCH('MASTER DATA'!Z$1,Sheet4!$A$1:$M$1,0),0) -> 9
A557: 556 | B557: 43210004 | C557: Maharashtra Computers | D557: MS-CIT Renewed | E557: Urban | F557: Solapur | G557: Solapur(n) | H557: Solapur | I557: Maharashtra | J557: 5-17/39, GANDHINAGAR, VINKAR SOCIETY, SOUTH SADAR BAZAR,SOLAPURSOLAPUR-413003 | K557: 8055109525 | L557: 0217-2314239 | M557: mahatechcomputers@gmail.com | N557: Sharad Jagtap | O557: =VLOOKUP($B557,Sheet4!$A$1:$M$4092,MATCH('MASTER DATA'!O$1,Sheet4!$A$1:$M$1,0),0) -> 44 | P557: =VLOOKUP($B557,Sheet4!$A$1:$M$4092,MATCH('MASTER DATA'!P$1,Sheet4!$A$1:$M$1,0),0) -> 29 | Q557: =VLOOKUP($B557,Sheet4!$A$1:$M$4092,MATCH('MASTER DATA'!Q$1,Sheet4!$A$1:$M$1,0),0) -> 39 | R557: =VLOOKUP($B557,Sheet4!$A$1:$M$4092,MATCH('MASTER DATA'!R$1,Sheet4!$A$1:$M$1,0),0) -> 154 | S557: =VLOOKUP($B557,Sheet4!$A$1:$M$4092,MATCH('MASTER DATA'!S$1,Sheet4!$A$1:$M$1,0),0) -> 68 | T557: =VLOOKUP($B557,Sheet4!$A$1:$M$4092,MATCH('MASTER DATA'!T$1,Sheet4!$A$1:$M$1,0),0) -> 25 | U557: =VLOOKUP($B557,Sheet4!$A$1:$M$4092,MATCH('MASTER DATA'!U$1,Sheet4!$A$1:$M$1,0),0) -> 50 | V557: =VLOOKUP($B557,Sheet4!$A$1:$M$4092,MATCH('MASTER DATA'!V$1,Sheet4!$A$1:$M$1,0),0) -> 28 | ... Z557: =VLOOKUP($B557,Sheet4!$A$1:$M$4092,MATCH('MASTER DATA'!Z$1,Sheet4!$A$1:$M$1,0),0) -> 22
A558: 557 | B558: 43210072 | C558: Nit Computers | D558: MS-CIT Renewed | E558: Urban | F558: Pandharpur | G558: Pandharpur | H558: Solapur | I558: Maharashtra | J558: 1ST FLOOR HOTEL VANITA, STATION RAODPANDHARPUR-413304 | K558: 9822787202 | L558: 02186-229303 | M558: 43210072@mkcl.org | N558: Sharad Jagtap | O558: =VLOOKUP($B558,Sheet4!$A$1:$M$4092,MATCH('MASTER DATA'!O$1,Sheet4!$A$1:$M$1,0),0) -> 23 | P558: =VLOOKUP($B558,Sheet4!$A$1:$M$4092,MATCH('MASTER DATA'!P$1,Sheet4!$A$1:$M$1,0),0) -> 34 | Q558: =VLOOKUP($B558,Sheet4!$A$1:$M$4092,MATCH('MASTER DATA'!Q$1,Sheet4!$A$1:$M$1,0),0) -> 14 | R558: =VLOOKUP($B558,Sheet4!$A$1:$M$4092,MATCH('MASTER DATA'!R$1,Sheet4!$A$1:$M$1,0),0) -> 428 | S558: =VLOOKUP($B558,Sheet4!$A$1:$M$4092,MATCH('MASTER DATA'!S$1,Sheet4!$A$1:$M$1,0),0) -> 117 | T558: =VLOOKUP($B558,Sheet4!$A$1:$M$4092,MATCH('MASTER DATA'!T$1,Sheet4!$A$1:$M$1,0),0) -> 18 | U558: =VLOOKUP($B558,Sheet4!$A$1:$M$4092,MATCH('MASTER DATA'!U$1,Sheet4!$A$1:$M$1,0),0) -> 43 | V558: =VLOOKUP($B558,Sheet4!$A$1:$M$4092,MATCH('MASTER DATA'!V$1,Sheet4!$A$1:$M$1,0),0) -> 64 | ... Z558: =VLOOKUP($B558,Sheet4!$A$1:$M$4092,MATCH('MASTER DATA'!Z$1,Sheet4!$A$1:$M$1,0),0) -> 16
A559: 558 | B559: 43210250 | C559: D.S.kamale Guruji Computer Institute | D559: MS-CIT Renewed | E559: Rural | F559: Mandrup | G559: Solapur(s) | H559: Solapur | I559: Maharashtra | J559: PLOT NO 32 SHRI SWAMI SAMRTH NAGAR MANDRUP, BUILDING, POST OFFICE MANDRUP, MANDRUPMANDRUP-413221 | K559: 9922134105 | L559: 0217-2255674 | M559: 43210250@mkcl.org | N559: Sharad Jagtap | O559: =VLOOKUP($B559,Sheet4!$A$1:$M$4092,MATCH('MASTER DATA'!O$1,Sheet4!$A$1:$M$1,0),0) -> 94 | P559: =VLOOKUP($B559,Sheet4!$A$1:$M$4092,MATCH('MASTER DATA'!P$1,Sheet4!$A$1:$M$1,0),0) -> 27 | Q559: =VLOOKUP($B559,Sheet4!$A$1:$M$4092,MATCH('MASTER DATA'!Q$1,Sheet4!$A$1:$M$1,0),0) -> 44 | R559: =VLOOKUP($B559,Sheet4!$A$1:$M$4092,MATCH('MASTER DATA'!R$1,Sheet4!$A$1:$M$1,0),0) -> 504 | S559: =VLOOKUP($B559,Sheet4!$A$1:$M$4092,MATCH('MASTER DATA'!S$1,Sheet4!$A$1:$M$1,0),0) -> 149 | T559: =VLOOKUP($B559,Sheet4!$A$1:$M$4092,MATCH('MASTER DATA'!T$1,Sheet4!$A$1:$M$1,0),0) -> 11 | U559: =VLOOKUP($B559,Sheet4!$A$1:$M$4092,MATCH('MASTER DATA'!U$1,Sheet4!$A$1:$M$1,0),0) -> 149 | V559: =VLOOKUP($B559,Sheet4!$A$1:$M$4092,MATCH('MASTER DATA'!V$1,Sheet4!$A$1:$M$1,0),0) -> 87 | ... Z559: =VLOOKUP($B559,Sheet4!$A$1:$M$4092,MATCH('MASTER DATA'!Z$1,Sheet4!$A$1:$M$1,0),0) -> 15
A560: 559 | B560: 43210260 | C560: CAREER COMPUTER EDUCATION | D560: MS-CIT Renewed | E560: Rural | F560: MODNIMB | G560: Madha | H560: Solapur | I560: Maharashtra | J560: ABOVE YADAVPATIL KRUSHI KENDRA, SWAMI SAMARTH CHOUK, MAIN ROAD, MODNIMBMODNIMB-413301 | K560: 9890246043 | L560: 02183-230780 | M560: 43210260@mkcl.org | N560: Sharad Jagtap | O560: =VLOOKUP($B560,Sheet4!$A$1:$M$4092,MATCH('MASTER DATA'!O$1,Sheet4!$A$1:$M$1,0),0) -> 41 | P560: =VLOOKUP($B560,Sheet4!$A$1:$M$4092,MATCH('MASTER DATA'!P$1,Sheet4!$A$1:$M$1,0),0) -> 3 | Q560: =VLOOKUP($B560,Sheet4!$A$1:$M$4092,MATCH('MASTER DATA'!Q$1,Sheet4!$A$1:$M$1,0),0) -> 13 | R560: =VLOOKUP($B560,Sheet4!$A$1:$M$4092,MATCH('MASTER DATA'!R$1,Sheet4!$A$1:$M$1,0),0) -> 372 | S560: =VLOOKUP($B560,Sheet4!$A$1:$M$4092,MATCH('MASTER DATA'!S$1,Sheet4!$A$1:$M$1,0),0) -> 42 | T560: =VLOOKUP($B560,Sheet4!$A$1:$M$4092,MATCH('MASTER DATA'!T$1,Sheet4!$A$1:$M$1,0),0) -> 10 | U560: =VLOOKUP($B560,Sheet4!$A$1:$M$4092,MATCH('MASTER DATA'!U$1,Sheet4!$A$1:$M$1,0),0) -> 13 | V560: =VLOOKUP($B560,Sheet4!$A$1:$M$4092,MATCH('MASTER DATA'!V$1,Sheet4!$A$1:$M$1,0),0) -> 35 | ... Z560: =VLOOKUP($B560,Sheet4!$A$1:$M$4092,MATCH('MASTER DATA'!Z$1,Sheet4!$A$1:$M$1,0),0) -> 3
A561: 560 | B561: 43210264 | C561: shri shivachaleshwar computer institute | D561: MS-CIT Renewed | E561: Rural | F561: Maindargi | G561: Akkalkot | H561: Solapur | I561: Maharashtra | J561: CHOUDESHWARI SHOPPING CENTER MAIN ROAD MAINDARGI MAINDARGI-413217 | K561: 9405240400 | L561: 02181-255065 | M561: 43210264@mkcl.org | N561: Sharad Jagtap | O561: =VLOOKUP($B561,Sheet4!$A$1:$M$4092,MATCH('MASTER DATA'!O$1,Sheet4!$A$1:$M$1,0),0) -> 25 | P561: =VLOOKUP($B561,Sheet4!$A$1:$M$4092,MATCH('MASTER DATA'!P$1,Sheet4!$A$1:$M$1,0),0) -> 4 | Q561: =VLOOKUP($B561,Sheet4!$A$1:$M$4092,MATCH('MASTER DATA'!Q$1,Sheet4!$A$1:$M$1,0),0) -> 27 | R561: =VLOOKUP($B561,Sheet4!$A$1:$M$4092,MATCH('MASTER DATA'!R$1,Sheet4!$A$1:$M$1,0),0) -> 234 | S561: =VLOOKUP($B561,Sheet4!$A$1:$M$4092,MATCH('MASTER DATA'!S$1,Sheet4!$A$1:$M$1,0),0) -> 48 | T561: =VLOOKUP($B561,Sheet4!$A$1:$M$4092,MATCH('MASTER DATA'!T$1,Sheet4!$A$1:$M$1,0),0) -> 16 | U561: =VLOOKUP($B561,Sheet4!$A$1:$M$4092,MATCH('MASTER DATA'!U$1,Sheet4!$A$1:$M$1,0),0) -> 45 | V561: =VLOOKUP($B561,Sheet4!$A$1:$M$4092,MATCH('MASTER DATA'!V$1,Sheet4!$A$1:$M$1,0),0) -> 39 | ... Z561: =VLOOKUP($B561,Sheet4!$A$1:$M$4092,MATCH('MASTER DATA'!Z$1,Sheet4!$A$1:$M$1,0),0) -> 3
A562: 561 | B562: 43210007 | C562: Shri Samarth Computers | D562: MS-CIT Renewed | E562: Urban | F562: Akkalkot | G562: Akkalkot | H562: Solapur | I562: Maharashtra | J562: OLD ADAT BAZAR FUTANE GALLIAKKALKOT-413216 | K562: 9850083655 | L562: 02181-220822 | M562: 43210007@mkcl.org | N562: Sharad Jagtap | O562: =VLOOKUP($B562,Sheet4!$A$1:$M$4092,MATCH('MASTER DATA'!O$1,Sheet4!$A$1:$M$1,0),0) -> 91 | P562: =VLOOKUP($B562,Sheet4!$A$1:$M$4092,MATCH('MASTER DATA'!P$1,Sheet4!$A$1:$M$1,0),0) -> 73 | Q562: =VLOOKUP($B562,Sheet4!$A$1:$M$4092,MATCH('MASTER DATA'!Q$1,Sheet4!$A$1:$M$1,0),0) -> 102 | R562: =VLOOKUP($B562,Sheet4!$A$1:$M$4092,MATCH('MASTER DATA'!R$1,Sheet4!$A$1:$M$1,0),0) -> 591 | S562: =VLOOKUP($B562,Sheet4!$A$1:$M$4092,MATCH('MASTER DATA'!S$1,Sheet4!$A$1:$M$1,0),0) -> 198 | T562: =VLOOKUP($B562,Sheet4!$A$1:$M$4092,MATCH('MASTER DATA'!T$1,Sheet4!$A$1:$M$1,0),0) -> 23 | U562: =VLOOKUP($B562,Sheet4!$A$1:$M$4092,MATCH('MASTER DATA'!U$1,Sheet4!$A$1:$M$1,0),0) -> 94 | V562: =VLOOKUP($B562,Sheet4!$A$1:$M$4092,MATCH('MASTER DATA'!V$1,Sheet4!$A$1:$M$1,0),0) -> 98 | ... Z562: =VLOOKUP($B562,Sheet4!$A$1:$M$4092,MATCH('MASTER DATA'!Z$1,Sheet4!$A$1:$M$1,0),0) -> 10
A563: 562 | B563: 43210003 | C563: Barshi Education Society`S Sulakhe Computer Training Center , Barshi | D563: MS-CIT Renewed | E563: Urban | F563: Barshi | G563: Barshi | H563: Solapur | I563: Maharashtra | J563: NEAR BALESHWAR NAKA, SULAKHE HIGH SCHOOL CAMPUS , BARSHI DIST - SOLAPUR BARSHI - 413 411BARSHI-413411 | K563: 9689643948 | L563: 02184-221323 | M563: 43210003@mkcl.org | N563: Sharad Jagtap | O563: =VLOOKUP($B563,Sheet4!$A$1:$M$4092,MATCH('MASTER DATA'!O$1,Sheet4!$A$1:$M$1,0),0) -> 36 | P563: =VLOOKUP($B563,Sheet4!$A$1:$M$4092,MATCH('MASTER DATA'!P$1,Sheet4!$A$1:$M$1,0),0) -> 4 | Q563: =VLOOKUP($B563,Sheet4!$A$1:$M$4092,MATCH('MASTER DATA'!Q$1,Sheet4!$A$1:$M$1,0),0) -> 8 | R563: =VLOOKUP($B563,Sheet4!$A$1:$M$4092,MATCH('MASTER DATA'!R$1,Sheet4!$A$1:$M$1,0),0) -> 53 | S563: =VLOOKUP($B563,Sheet4!$A$1:$M$4092,MATCH('MASTER DATA'!S$1,Sheet4!$A$1:$M$1,0),0) -> 11 | T563: =VLOOKUP($B563,Sheet4!$A$1:$M$4092,MATCH('MASTER DATA'!T$1,Sheet4!$A$1:$M$1,0),0) -> 1 | U563: =VLOOKUP($B563,Sheet4!$A$1:$M$4092,MATCH('MASTER DATA'!U$1,Sheet4!$A$1:$M$1,0),0) -> 9 | V563: =VLOOKUP($B563,Sheet4!$A$1:$M$4092,MATCH('MASTER DATA'!V$1,Sheet4!$A$1:$M$1,0),0) -> 1 | ... Z563: =VLOOKUP($B563,Sheet4!$A$1:$M$4092,MATCH('MASTER DATA'!Z$1,Sheet4!$A$1:$M$1,0),0) -> 0
A564: 563 | B564: 43210217 | C564: Soham Computers | D564: MS-CIT Renewed | E564: Rural | F564: Velapur | G564: Malshiras | H564: Solapur | I564: Maharashtra | J564: PANDHARPUR ROAD, NEAR BANK OF BARODA, VELAPUR, VELAPURVELAPUR-413113 | K564: 9860646208 | L564: 02185-245208 | M564: 43210217@mkcl.org | N564: Sharad Jagtap | O564: =VLOOKUP($B564,Sheet4!$A$1:$M$4092,MATCH('MASTER DATA'!O$1,Sheet4!$A$1:$M$1,0),0) -> 39 | P564: =VLOOKUP($B564,Sheet4!$A$1:$M$4092,MATCH('MASTER DATA'!P$1,Sheet4!$A$1:$M$1,0),0) -> 2 | Q564: =VLOOKUP($B564,Sheet4!$A$1:$M$4092,MATCH('MASTER DATA'!Q$1,Sheet4!$A$1:$M$1,0),0) -> 0 | R564: =VLOOKUP($B564,Sheet4!$A$1:$M$4092,MATCH('MASTER DATA'!R$1,Sheet4!$A$1:$M$1,0),0) -> 246 | S564: =VLOOKUP($B564,Sheet4!$A$1:$M$4092,MATCH('MASTER DATA'!S$1,Sheet4!$A$1:$M$1,0),0) -> 88 | T564: =VLOOKUP($B564,Sheet4!$A$1:$M$4092,MATCH('MASTER DATA'!T$1,Sheet4!$A$1:$M$1,0),0) -> 19 | U564: =VLOOKUP($B564,Sheet4!$A$1:$M$4092,MATCH('MASTER DATA'!U$1,Sheet4!$A$1:$M$1,0),0) -> 26 | V564: =VLOOKUP($B564,Sheet4!$A$1:$M$4092,MATCH('MASTER DATA'!V$1,Sheet4!$A$1:$M$1,0),0) -> 16 | ... Z564: =VLOOKUP($B564,Sheet4!$A$1:$M$4092,MATCH('MASTER DATA'!Z$1,Sheet4!$A$1:$M$1,0),0) -> 6
A565: 564 | B565: 1J210310 | C565: vtech computer Institute | D565: MS-CIT NCR-2017 | E565: Urban | F565: solapur | G565: Solapur(s) | H565: Solapur | I565: Maharashtra | J565: NILAM NAGAR,MIDC ROAD, SOLAPURSOLAPUR-413005 | K565: 7875422159 | L565: - | M565: 1J210310@mkcl.org | N565: Sharad Jagtap | O565: =VLOOKUP($B565,Sheet4!$A$1:$M$4092,MATCH('MASTER DATA'!O$1,Sheet4!$A$1:$M$1,0),0) -> 10 | P565: =VLOOKUP($B565,Sheet4!$A$1:$M$4092,MATCH('MASTER DATA'!P$1,Sheet4!$A$1:$M$1,0),0) -> 60 | Q565: =VLOOKUP($B565,Sheet4!$A$1:$M$4092,MATCH('MASTER DATA'!Q$1,Sheet4!$A$1:$M$1,0),0) -> 0 | R565: =VLOOKUP($B565,Sheet4!$A$1:$M$4092,MATCH('MASTER DATA'!R$1,Sheet4!$A$1:$M$1,0),0) -> 195 | S565: =VLOOKUP($B565,Sheet4!$A$1:$M$4092,MATCH('MASTER DATA'!S$1,Sheet4!$A$1:$M$1,0),0) -> 48 | T565: =VLOOKUP($B565,Sheet4!$A$1:$M$4092,MATCH('MASTER DATA'!T$1,Sheet4!$A$1:$M$1,0),0) -> 0 | U565: =VLOOKUP($B565,Sheet4!$A$1:$M$4092,MATCH('MASTER DATA'!U$1,Sheet4!$A$1:$M$1,0),0) -> 38 | V565: =VLOOKUP($B565,Sheet4!$A$1:$M$4092,MATCH('MASTER DATA'!V$1,Sheet4!$A$1:$M$1,0),0) -> 9 | ... Z565: =VLOOKUP($B565,Sheet4!$A$1:$M$4092,MATCH('MASTER DATA'!Z$1,Sheet4!$A$1:$M$1,0),0) -> 8
A566: 565 | B566: 1J210314 | C566: DIPTI COMPUTERS | D566: MS-CIT NCR-2019 | E566: Urban | F566: Solapur (M Corp.) | G566: Solapur(n) | H566: Solapur | I566: Maharashtra | J566: VAISHNAVI NAGAR, SAIFUL ROAD, SOLAPURSOLAPUR (M CORP.)-413008 | K566: 9372343149 | L566: 0217-2343149 | M566: 1J210314@mkcl.org | N566: Sharad Jagtap | O566: =VLOOKUP($B566,Sheet4!$A$1:$M$4092,MATCH('MASTER DATA'!O$1,Sheet4!$A$1:$M$1,0),0) -> 0 | P566: =VLOOKUP($B566,Sheet4!$A$1:$M$4092,MATCH('MASTER DATA'!P$1,Sheet4!$A$1:$M$1,0),0) -> 20 | Q566: =VLOOKUP($B566,Sheet4!$A$1:$M$4092,MATCH('MASTER DATA'!Q$1,Sheet4!$A$1:$M$1,0),0) -> 0 | R566: =VLOOKUP($B566,Sheet4!$A$1:$M$4092,MATCH('MASTER DATA'!R$1,Sheet4!$A$1:$M$1,0),0) -> 97 | S566: =VLOOKUP($B566,Sheet4!$A$1:$M$4092,MATCH('MASTER DATA'!S$1,Sheet4!$A$1:$M$1,0),0) -> 0 | T566: =VLOOKUP($B566,Sheet4!$A$1:$M$4092,MATCH('MASTER DATA'!T$1,Sheet4!$A$1:$M$1,0),0) -> 0 | U566: =VLOOKUP($B566,Sheet4!$A$1:$M$4092,MATCH('MASTER DATA'!U$1,Sheet4!$A$1:$M$1,0),0) -> 12 | V566: =VLOOKUP($B566,Sheet4!$A$1:$M$4092,MATCH('MASTER DATA'!V$1,Sheet4!$A$1:$M$1,0),0) -> 0 | ... Z566: =VLOOKUP($B566,Sheet4!$A$1:$M$4092,MATCH('MASTER DATA'!Z$1,Sheet4!$A$1:$M$1,0),0) -> 3
A567: 566 | B567: 1J210319 | C567: Shashikant Digital and online Services | D567: MS-CIT NCR-2019 | E567: Rural | G567: Solapur(s) | H567: Solapur | I567: Maharashtra | J567: PLOT NO,.8 LAXMI NIWAS, SHRI KRUSHNA NAGAR, BIRLA FACTORY RD HOTGI STATION. TAL . SOUTH SOLAPUR-413215 | K567: 7741038080 | L567: - | M567: 1J210319@mkcl.org | N567: Sharad Jagtap | O567: =VLOOKUP($B567,Sheet4!$A$1:$M$4092,MATCH('MASTER DATA'!O$1,Sheet4!$A$1:$M$1,0),0) -> 0 | P567: =VLOOKUP($B567,Sheet4!$A$1:$M$4092,MATCH('MASTER DATA'!P$1,Sheet4!$A$1:$M$1,0),0) -> 21 | Q567: =VLOOKUP($B567,Sheet4!$A$1:$M$4092,MATCH('MASTER DATA'!Q$1,Sheet4!$A$1:$M$1,0),0) -> 0 | R567: =VLOOKUP($B567,Sheet4!$A$1:$M$4092,MATCH('MASTER DATA'!R$1,Sheet4!$A$1:$M$1,0),0) -> 29 | S567: =VLOOKUP($B567,Sheet4!$A$1:$M$4092,MATCH('MASTER DATA'!S$1,Sheet4!$A$1:$M$1,0),0) -> 0 | T567: =VLOOKUP($B567,Sheet4!$A$1:$M$4092,MATCH('MASTER DATA'!T$1,Sheet4!$A$1:$M$1,0),0) -> 1 | U567: =VLOOKUP($B567,Sheet4!$A$1:$M$4092,MATCH('MASTER DATA'!U$1,Sheet4!$A$1:$M$1,0),0) -> 0 | V567: =VLOOKUP($B567,Sheet4!$A$1:$M$4092,MATCH('MASTER DATA'!V$1,Sheet4!$A$1:$M$1,0),0) -> 0 | ... Z567: =VLOOKUP($B567,Sheet4!$A$1:$M$4092,MATCH('MASTER DATA'!Z$1,Sheet4!$A$1:$M$1,0),0) -> 0
A568: 567 | B568: 1J210325 | C568: Shree Computers | D568: MS-CIT NCR-2019 | E568: Rural | F568: Mohol | G568: Mohol | H568: Solapur | I568: Maharashtra | J568: SHETPHALMOHOL-413324 | K568: 9763034721 | L568: - | M568: 1J210325@mkcl.org | N568: Sharad Jagtap | O568: =VLOOKUP($B568,Sheet4!$A$1:$M$4092,MATCH('MASTER DATA'!O$1,Sheet4!$A$1:$M$1,0),0) -> 0 | P568: =VLOOKUP($B568,Sheet4!$A$1:$M$4092,MATCH('MASTER DATA'!P$1,Sheet4!$A$1:$M$1,0),0) -> 0 | Q568: =VLOOKUP($B568,Sheet4!$A$1:$M$4092,MATCH('MASTER DATA'!Q$1,Sheet4!$A$1:$M$1,0),0) -> 0 | R568: =VLOOKUP($B568,Sheet4!$A$1:$M$4092,MATCH('MASTER DATA'!R$1,Sheet4!$A$1:$M$1,0),0) -> 26 | S568: =VLOOKUP($B568,Sheet4!$A$1:$M$4092,MATCH('MASTER DATA'!S$1,Sheet4!$A$1:$M$1,0),0) -> 0 | T568: =VLOOKUP($B568,Sheet4!$A$1:$M$4092,MATCH('MASTER DATA'!T$1,Sheet4!$A$1:$M$1,0),0) -> 0 | U568: =VLOOKUP($B568,Sheet4!$A$1:$M$4092,MATCH('MASTER DATA'!U$1,Sheet4!$A$1:$M$1,0),0) -> 4 | V568: =VLOOKUP($B568,Sheet4!$A$1:$M$4092,MATCH('MASTER DATA'!V$1,Sheet4!$A$1:$M$1,0),0) -> 0 | ... Z568: =VLOOKUP($B568,Sheet4!$A$1:$M$4092,MATCH('MASTER DATA'!Z$1,Sheet4!$A$1:$M$1,0),0) -> 0
A569: 568 | B569: 78210088 | C569: P.C. Point Computer Training Centre Private Limited | D569: MS-CIT Renewed | E569: Urban | F569: Ambernath (E) | G569: Ambarnath | H569: Thane | I569: Maharashtra | J569: U.S.A. COMPUTERS, C/O. P.C.POINT, 1ST FLOOR, SHOP NO.9, SAI- SIDDHI BLDG, NEAR CANARA BANK, OPP HOTEL SHREE RATH, STATION ROAD, AMBERNATH( E)AMBERNATH (E)-421501 | K569: 9324358568 | L569: 0251-2609709 | M569: 78210088@mkcl.org | N569: Sambhaji Tagad | O569: =VLOOKUP($B569,Sheet4!$A$1:$M$4092,MATCH('MASTER DATA'!O$1,Sheet4!$A$1:$M$1,0),0) -> 149 | P569: =VLOOKUP($B569,Sheet4!$A$1:$M$4092,MATCH('MASTER DATA'!P$1,Sheet4!$A$1:$M$1,0),0) -> 138 | Q569: =VLOOKUP($B569,Sheet4!$A$1:$M$4092,MATCH('MASTER DATA'!Q$1,Sheet4!$A$1:$M$1,0),0) -> 434 | R569: =VLOOKUP($B569,Sheet4!$A$1:$M$4092,MATCH('MASTER DATA'!R$1,Sheet4!$A$1:$M$1,0),0) -> 1331 | S569: =VLOOKUP($B569,Sheet4!$A$1:$M$4092,MATCH('MASTER DATA'!S$1,Sheet4!$A$1:$M$1,0),0) -> 534 | T569: =VLOOKUP($B569,Sheet4!$A$1:$M$4092,MATCH('MASTER DATA'!T$1,Sheet4!$A$1:$M$1,0),0) -> 159 | U569: =VLOOKUP($B569,Sheet4!$A$1:$M$4092,MATCH('MASTER DATA'!U$1,Sheet4!$A$1:$M$1,0),0) -> 298 | V569: =VLOOKUP($B569,Sheet4!$A$1:$M$4092,MATCH('MASTER DATA'!V$1,Sheet4!$A$1:$M$1,0),0) -> 106 | ... Z569: =VLOOKUP($B569,Sheet4!$A$1:$M$4092,MATCH('MASTER DATA'!Z$1,Sheet4!$A$1:$M$1,0),0) -> 62
A570: 569 | B570: 78210046 | C570: Prasad Academy | D570: MS-CIT Renewed | E570: Urban | F570: Airoli | G570: Thane | H570: Thane | I570: Maharashtra | J570: ROW HOUSE NO. 3, AMAR CO-OP. HSG SOCIETY, OPP. SRI RAM HIGH SCHOOL SECTOR-3,AIROLI, NAVI MUMBAI- 400708AIROLI-400708 | K570: 9167666169 | L570: 022-69573224 | M570: 78210046@mkcl.org | N570: Sambhaji Tagad | O570: =VLOOKUP($B570,Sheet4!$A$1:$M$4092,MATCH('MASTER DATA'!O$1,Sheet4!$A$1:$M$1,0),0) -> 40 | P570: =VLOOKUP($B570,Sheet4!$A$1:$M$4092,MATCH('MASTER DATA'!P$1,Sheet4!$A$1:$M$1,0),0) -> 36 | Q570: =VLOOKUP($B570,Sheet4!$A$1:$M$4092,MATCH('MASTER DATA'!Q$1,Sheet4!$A$1:$M$1,0),0) -> 23 | R570: =VLOOKUP($B570,Sheet4!$A$1:$M$4092,MATCH('MASTER DATA'!R$1,Sheet4!$A$1:$M$1,0),0) -> 176 | S570: =VLOOKUP($B570,Sheet4!$A$1:$M$4092,MATCH('MASTER DATA'!S$1,Sheet4!$A$1:$M$1,0),0) -> 176 | T570: =VLOOKUP($B570,Sheet4!$A$1:$M$4092,MATCH('MASTER DATA'!T$1,Sheet4!$A$1:$M$1,0),0) -> 57 | U570: =VLOOKUP($B570,Sheet4!$A$1:$M$4092,MATCH('MASTER DATA'!U$1,Sheet4!$A$1:$M$1,0),0) -> 79 | V570: =VLOOKUP($B570,Sheet4!$A$1:$M$4092,MATCH('MASTER DATA'!V$1,Sheet4!$A$1:$M$1,0),0) -> 47 | ... Z570: =VLOOKUP($B570,Sheet4!$A$1:$M$4092,MATCH('MASTER DATA'!Z$1,Sheet4!$A$1:$M$1,0),0) -> 15
A571: 570 | B571: 78210147 | C571: Flash Computer Education | D571: MS-CIT Renewed | E571: Urban | F571: Ulhasnagar | G571: Ulhasnagar | H571: Thane | I571: Maharashtra | J571: BASMENT , KRISHNA LEELA APT.,BHATIA CHOWK NETAJI-KURLA RD.,NEAR SHANTI PRAKASH STATUE, ULHASNAGAR-421004. POSTAL/ZIP CODE: 421004 TALUKA: ULHASNAGAR ULHASNAGAR-421004 | K571: 9324958032 | L571: 0251-2527702 | M571: 78210147@mkcl.org | N571: Sambhaji Tagad | O571: =VLOOKUP($B571,Sheet4!$A$1:$M$4092,MATCH('MASTER DATA'!O$1,Sheet4!$A$1:$M$1,0),0) -> 108 | P571: =VLOOKUP($B571,Sheet4!$A$1:$M$4092,MATCH('MASTER DATA'!P$1,Sheet4!$A$1:$M$1,0),0) -> 123 | Q571: =VLOOKUP($B571,Sheet4!$A$1:$M$4092,MATCH('MASTER DATA'!Q$1,Sheet4!$A$1:$M$1,0),0) -> 206 | R571: =VLOOKUP($B571,Sheet4!$A$1:$M$4092,MATCH('MASTER DATA'!R$1,Sheet4!$A$1:$M$1,0),0) -> 764 | S571: =VLOOKUP($B571,Sheet4!$A$1:$M$4092,MATCH('MASTER DATA'!S$1,Sheet4!$A$1:$M$1,0),0) -> 308 | T571: =VLOOKUP($B571,Sheet4!$A$1:$M$4092,MATCH('MASTER DATA'!T$1,Sheet4!$A$1:$M$1,0),0) -> 54 | U571: =VLOOKUP($B571,Sheet4!$A$1:$M$4092,MATCH('MASTER DATA'!U$1,Sheet4!$A$1:$M$1,0),0) -> 224 | V571: =VLOOKUP($B571,Sheet4!$A$1:$M$4092,MATCH('MASTER DATA'!V$1,Sheet4!$A$1:$M$1,0),0) -> 47 | ... Z571: =VLOOKUP($B571,Sheet4!$A$1:$M$4092,MATCH('MASTER DATA'!Z$1,Sheet4!$A$1:$M$1,0),0) -> 21
A572: 571 | B572: 78210159 | C572: Siddhakala Computer Education | D572: MS-CIT Renewed | E572: Urban | F572: Kalwa | G572: Thane | H572: Thane | I572: Maharashtra | J572: SHOP NO.3, GANGARAM PARK, KHAREGAON, KALWA (W),THANE POSTAL/ZIP CODE: 400605 TALUKA: THANE KALWA-400605 | K572: 8097532689 | L572: 022-25400316 | M572: 78210159@mkcl.org | N572: Sambhaji Tagad | O572: =VLOOKUP($B572,Sheet4!$A$1:$M$4092,MATCH('MASTER DATA'!O$1,Sheet4!$A$1:$M$1,0),0) -> 56 | P572: =VLOOKUP($B572,Sheet4!$A$1:$M$4092,MATCH('MASTER DATA'!P$1,Sheet4!$A$1:$M$1,0),0) -> 54 | Q572: =VLOOKUP($B572,Sheet4!$A$1:$M$4092,MATCH('MASTER DATA'!Q$1,Sheet4!$A$1:$M$1,0),0) -> 110 | R572: =VLOOKUP($B572,Sheet4!$A$1:$M$4092,MATCH('MASTER DATA'!R$1,Sheet4!$A$1:$M$1,0),0) -> 400 | S572: =VLOOKUP($B572,Sheet4!$A$1:$M$4092,MATCH('MASTER DATA'!S$1,Sheet4!$A$1:$M$1,0),0) -> 261 | T572: =VLOOKUP($B572,Sheet4!$A$1:$M$4092,MATCH('MASTER DATA'!T$1,Sheet4!$A$1:$M$1,0),0) -> 128 | U572: =VLOOKUP($B572,Sheet4!$A$1:$M$4092,MATCH('MASTER DATA'!U$1,Sheet4!$A$1:$M$1,0),0) -> 204 | V572: =VLOOKUP($B572,Sheet4!$A$1:$M$4092,MATCH('MASTER DATA'!V$1,Sheet4!$A$1:$M$1,0),0) -> 55 | ... Z572: =VLOOKUP($B572,Sheet4!$A$1:$M$4092,MATCH('MASTER DATA'!Z$1,Sheet4!$A$1:$M$1,0),0) -> 28
A573: 572 | B573: 78210171 | C573: Vini Computers | D573: MS-CIT Renewed | E573: Urban | F573: Thane (W) | G573: Thane | H573: Thane | I573: Maharashtra | J573: 102, 1ST FLOOR, RAJHANS BLDG, ABOVE RAJMAL LAKHICHAND JEWELLERS, OPP GAONDEVI BUS DEPOT, NAUPADA, THANE(W)THANE (W)-400602 | K573: 9322212997 | L573: 022-25413234 | M573: 78210171@mkcl.org | N573: Sambhaji Tagad | O573: =VLOOKUP($B573,Sheet4!$A$1:$M$4092,MATCH('MASTER DATA'!O$1,Sheet4!$A$1:$M$1,0),0) -> 38 | P573: =VLOOKUP($B573,Sheet4!$A$1:$M$4092,MATCH('MASTER DATA'!P$1,Sheet4!$A$1:$M$1,0),0) -> 16 | Q573: =VLOOKUP($B573,Sheet4!$A$1:$M$4092,MATCH('MASTER DATA'!Q$1,Sheet4!$A$1:$M$1,0),0) -> 13 | R573: =VLOOKUP($B573,Sheet4!$A$1:$M$4092,MATCH('MASTER DATA'!R$1,Sheet4!$A$1:$M$1,0),0) -> 127 | S573: =VLOOKUP($B573,Sheet4!$A$1:$M$4092,MATCH('MASTER DATA'!S$1,Sheet4!$A$1:$M$1,0),0) -> 55 | T573: =VLOOKUP($B573,Sheet4!$A$1:$M$4092,MATCH('MASTER DATA'!T$1,Sheet4!$A$1:$M$1,0),0) -> 17 | U573: =VLOOKUP($B573,Sheet4!$A$1:$M$4092,MATCH('MASTER DATA'!U$1,Sheet4!$A$1:$M$1,0),0) -> 80 | V573: =VLOOKUP($B573,Sheet4!$A$1:$M$4092,MATCH('MASTER DATA'!V$1,Sheet4!$A$1:$M$1,0),0) -> 11 | ... Z573: =VLOOKUP($B573,Sheet4!$A$1:$M$4092,MATCH('MASTER DATA'!Z$1,Sheet4!$A$1:$M$1,0),0) -> 15
A574: 573 | B574: 78210492 | C574: Shree Education Academy | D574: MS-CIT Renewed | E574: Urban | F574: Kalyan (W) | G574: Kalyan | H574: Thane | I574: Maharashtra | J574: SHOP NO 1, GHONE BUILDING, OPP. SHIV SENA SHAKHA, SANTOSHI MATA MANDIR ROAD,KALYAN(W)-421301KALYAN (W)-421301 | K574: 9223510574 | L574: 0251-2306280 | M574: 78210492@mkcl.org | N574: Sambhaji Tagad | O574: =VLOOKUP($B574,Sheet4!$A$1:$M$4092,MATCH('MASTER DATA'!O$1,Sheet4!$A$1:$M$1,0),0) -> 117 | P574: =VLOOKUP($B574,Sheet4!$A$1:$M$4092,MATCH('MASTER DATA'!P$1,Sheet4!$A$1:$M$1,0),0) -> 44 | Q574: =VLOOKUP($B574,Sheet4!$A$1:$M$4092,MATCH('MASTER DATA'!Q$1,Sheet4!$A$1:$M$1,0),0) -> 37 | R574: =VLOOKUP($B574,Sheet4!$A$1:$M$4092,MATCH('MASTER DATA'!R$1,Sheet4!$A$1:$M$1,0),0) -> 164 | S574: =VLOOKUP($B574,Sheet4!$A$1:$M$4092,MATCH('MASTER DATA'!S$1,Sheet4!$A$1:$M$1,0),0) -> 165 | T574: =VLOOKUP($B574,Sheet4!$A$1:$M$4092,MATCH('MASTER DATA'!T$1,Sheet4!$A$1:$M$1,0),0) -> 119 | U574: =VLOOKUP($B574,Sheet4!$A$1:$M$4092,MATCH('MASTER DATA'!U$1,Sheet4!$A$1:$M$1,0),0) -> 136 | V574: =VLOOKUP($B574,Sheet4!$A$1:$M$4092,MATCH('MASTER DATA'!V$1,Sheet4!$A$1:$M$1,0),0) -> 67 | ... Z574: =VLOOKUP($B574,Sheet4!$A$1:$M$4092,MATCH('MASTER DATA'!Z$1,Sheet4!$A$1:$M$1,0),0) -> 28
A575: 574 | B575: 78210122 | C575: Global Career Academy | D575: MS-CIT Renewed | E575: Urban | F575: Dombivali (E) | G575: Kalyan | H575: Thane | I575: Maharashtra | J575: SHOP NO 12 , ASHA PARK, NEAR MODEL ENGLISH SCHOOL, PANDURANG WADI, DOMBIVALI (E) DOMBIVALI (E)-421201 | K575: 9820943526 | L575: 0251-2884549 | M575: 78210122@mkcl.org | N575: Sambhaji Tagad | O575: =VLOOKUP($B575,Sheet4!$A$1:$M$4092,MATCH('MASTER DATA'!O$1,Sheet4!$A$1:$M$1,0),0) -> 19 | P575: =VLOOKUP($B575,Sheet4!$A$1:$M$4092,MATCH('MASTER DATA'!P$1,Sheet4!$A$1:$M$1,0),0) -> 15 | Q575: =VLOOKUP($B575,Sheet4!$A$1:$M$4092,MATCH('MASTER DATA'!Q$1,Sheet4!$A$1:$M$1,0),0) -> 31 | R575: =VLOOKUP($B575,Sheet4!$A$1:$M$4092,MATCH('MASTER DATA'!R$1,Sheet4!$A$1:$M$1,0),0) -> 99 | S575: =VLOOKUP($B575,Sheet4!$A$1:$M$4092,MATCH('MASTER DATA'!S$1,Sheet4!$A$1:$M$1,0),0) -> 42 | T575: =VLOOKUP($B575,Sheet4!$A$1:$M$4092,MATCH('MASTER DATA'!T$1,Sheet4!$A$1:$M$1,0),0) -> 25 | U575: =VLOOKUP($B575,Sheet4!$A$1:$M$4092,MATCH('MASTER DATA'!U$1,Sheet4!$A$1:$M$1,0),0) -> 51 | V575: =VLOOKUP($B575,Sheet4!$A$1:$M$4092,MATCH('MASTER DATA'!V$1,Sheet4!$A$1:$M$1,0),0) -> 14 | ... Z575: =VLOOKUP($B575,Sheet4!$A$1:$M$4092,MATCH('MASTER DATA'!Z$1,Sheet4!$A$1:$M$1,0),0) -> 5
A576: 575 | B576: 78210582 | C576: Samarth Computer | D576: MS-CIT Renewed | E576: Urban | F576: Thane (W) | G576: Thane | H576: Thane | I576: Maharashtra | J576: SHOP NO 5, VYANKATESHWAR APARTMENT, ROAD NO 22, NEAR INDRA NAGAR NAKA, VEER SAVARKAR NAGAR, THANE (W)THANE (W)-400606 | K576: 8108990080 | L576: 022-25812883 | M576: 78210582@mkcl.org | N576: Sambhaji Tagad | O576: =VLOOKUP($B576,Sheet4!$A$1:$M$4092,MATCH('MASTER DATA'!O$1,Sheet4!$A$1:$M$1,0),0) -> 29 | P576: =VLOOKUP($B576,Sheet4!$A$1:$M$4092,MATCH('MASTER DATA'!P$1,Sheet4!$A$1:$M$1,0),0) -> 21 | Q576: =VLOOKUP($B576,Sheet4!$A$1:$M$4092,MATCH('MASTER DATA'!Q$1,Sheet4!$A$1:$M$1,0),0) -> 45 | R576: =VLOOKUP($B576,Sheet4!$A$1:$M$4092,MATCH('MASTER DATA'!R$1,Sheet4!$A$1:$M$1,0),0) -> 185 | S576: =VLOOKUP($B576,Sheet4!$A$1:$M$4092,MATCH('MASTER DATA'!S$1,Sheet4!$A$1:$M$1,0),0) -> 91 | T576: =VLOOKUP($B576,Sheet4!$A$1:$M$4092,MATCH('MASTER DATA'!T$1,Sheet4!$A$1:$M$1,0),0) -> 44 | U576: =VLOOKUP($B576,Sheet4!$A$1:$M$4092,MATCH('MASTER DATA'!U$1,Sheet4!$A$1:$M$1,0),0) -> 88 | V576: =VLOOKUP($B576,Sheet4!$A$1:$M$4092,MATCH('MASTER DATA'!V$1,Sheet4!$A$1:$M$1,0),0) -> 34 | ... Z576: =VLOOKUP($B576,Sheet4!$A$1:$M$4092,MATCH('MASTER DATA'!Z$1,Sheet4!$A$1:$M$1,0),0) -> 1
A577: 576 | B577: 78210706 | C577: Maratha Hitwardhak Mandal Computer Institute | D577: MS-CIT NCR-2017 | E577: Urban | F577: Dombivali (W) | G577: Kalyan | H577: Thane | I577: Maharashtra | J577: MARATHA HITWARDHAK MANDAL,MARATHA MANDIR,MAHATMA PHULE ROAD, DOMBIVLI (W)DOMBIVALI (W)-421202 | K577: 9175715229 | L577: - | M577: 78210706@mkcl.org | N577: Sambhaji Tagad | O577: =VLOOKUP($B577,Sheet4!$A$1:$M$4092,MATCH('MASTER DATA'!O$1,Sheet4!$A$1:$M$1,0),0) -> 12 | P577: =VLOOKUP($B577,Sheet4!$A$1:$M$4092,MATCH('MASTER DATA'!P$1,Sheet4!$A$1:$M$1,0),0) -> 16 | Q577: =VLOOKUP($B577,Sheet4!$A$1:$M$4092,MATCH('MASTER DATA'!Q$1,Sheet4!$A$1:$M$1,0),0) -> 0 | R577: =VLOOKUP($B577,Sheet4!$A$1:$M$4092,MATCH('MASTER DATA'!R$1,Sheet4!$A$1:$M$1,0),0) -> 128 | S577: =VLOOKUP($B577,Sheet4!$A$1:$M$4092,MATCH('MASTER DATA'!S$1,Sheet4!$A$1:$M$1,0),0) -> 97 | T577: =VLOOKUP($B577,Sheet4!$A$1:$M$4092,MATCH('MASTER DATA'!T$1,Sheet4!$A$1:$M$1,0),0) -> 19 | U577: =VLOOKUP($B577,Sheet4!$A$1:$M$4092,MATCH('MASTER DATA'!U$1,Sheet4!$A$1:$M$1,0),0) -> 107 | V577: =VLOOKUP($B577,Sheet4!$A$1:$M$4092,MATCH('MASTER DATA'!V$1,Sheet4!$A$1:$M$1,0),0) -> 24 | ... Z577: =VLOOKUP($B577,Sheet4!$A$1:$M$4092,MATCH('MASTER DATA'!Z$1,Sheet4!$A$1:$M$1,0),0) -> 12
A578: 577 | B578: 78210206 | C578: Impact Computer Education, Kalyan [E] | D578: MS-CIT Renewed | E578: Urban | F578: Kalyan (E) | G578: Kalyan | H578: Thane | I578: Maharashtra | J578: SHOP NO. 1, SAKET TOWER, MHASOBA CHOWK, KOLSEWADI, KALYAN (E)KALYAN (E)-421306 | K578: 9821830723 | L578: 08108-126868 | M578: 78210206@mkcl.org | N578: Sambhaji Tagad | O578: =VLOOKUP($B578,Sheet4!$A$1:$M$4092,MATCH('MASTER DATA'!O$1,Sheet4!$A$1:$M$1,0),0) -> 156 | P578: =VLOOKUP($B578,Sheet4!$A$1:$M$4092,MATCH('MASTER DATA'!P$1,Sheet4!$A$1:$M$1,0),0) -> 251 | Q578: =VLOOKUP($B578,Sheet4!$A$1:$M$4092,MATCH('MASTER DATA'!Q$1,Sheet4!$A$1:$M$1,0),0) -> 184 | R578: =VLOOKUP($B578,Sheet4!$A$1:$M$4092,MATCH('MASTER DATA'!R$1,Sheet4!$A$1:$M$1,0),0) -> 239 | S578: =VLOOKUP($B578,Sheet4!$A$1:$M$4092,MATCH('MASTER DATA'!S$1,Sheet4!$A$1:$M$1,0),0) -> 287 | T578: =VLOOKUP($B578,Sheet4!$A$1:$M$4092,MATCH('MASTER DATA'!T$1,Sheet4!$A$1:$M$1,0),0) -> 95 | U578: =VLOOKUP($B578,Sheet4!$A$1:$M$4092,MATCH('MASTER DATA'!U$1,Sheet4!$A$1:$M$1,0),0) -> 500 | V578: =VLOOKUP($B578,Sheet4!$A$1:$M$4092,MATCH('MASTER DATA'!V$1,Sheet4!$A$1:$M$1,0),0) -> 171 | ... Z578: =VLOOKUP($B578,Sheet4!$A$1:$M$4092,MATCH('MASTER DATA'!Z$1,Sheet4!$A$1:$M$1,0),0) -> 24
A579: 578 | B579: 78210271 | C579: Art Infotech Computer Education | D579: MS-CIT Renewed | E579: Urban | F579: Kalyan (E) | G579: Kalyan | H579: Thane | I579: Maharashtra | J579: RADHIKA APARTMENT, SHOP NO. 3, GROUND FLOOR, BEHIND HDFC BANK ATM, CHAKKI NAKA, KALYAN (E) - 421306 POSTAL/ZIP CODE: 421306 TALUKA: KALYAN KALYAN (E)-421306 | K579: 9769363968 | L579: - | M579: 78210271@mkcl.org | N579: Sambhaji Tagad | O579: =VLOOKUP($B579,Sheet4!$A$1:$M$4092,MATCH('MASTER DATA'!O$1,Sheet4!$A$1:$M$1,0),0) -> 41 | P579: =VLOOKUP($B579,Sheet4!$A$1:$M$4092,MATCH('MASTER DATA'!P$1,Sheet4!$A$1:$M$1,0),0) -> 37 | Q579: =VLOOKUP($B579,Sheet4!$A$1:$M$4092,MATCH('MASTER DATA'!Q$1,Sheet4!$A$1:$M$1,0),0) -> 79 | R579: =VLOOKUP($B579,Sheet4!$A$1:$M$4092,MATCH('MASTER DATA'!R$1,Sheet4!$A$1:$M$1,0),0) -> 193 | S579: =VLOOKUP($B579,Sheet4!$A$1:$M$4092,MATCH('MASTER DATA'!S$1,Sheet4!$A$1:$M$1,0),0) -> 128 | T579: =VLOOKUP($B579,Sheet4!$A$1:$M$4092,MATCH('MASTER DATA'!T$1,Sheet4!$A$1:$M$1,0),0) -> 54 | U579: =VLOOKUP($B579,Sheet4!$A$1:$M$4092,MATCH('MASTER DATA'!U$1,Sheet4!$A$1:$M$1,0),0) -> 129 | V579: =VLOOKUP($B579,Sheet4!$A$1:$M$4092,MATCH('MASTER DATA'!V$1,Sheet4!$A$1:$M$1,0),0) -> 48 | ... Z579: =VLOOKUP($B579,Sheet4!$A$1:$M$4092,MATCH('MASTER DATA'!Z$1,Sheet4!$A$1:$M$1,0),0) -> 0
A580: 579 | B580: 78210089 | C580: ATM Computer | D580: MS-CIT Renewed | E580: Urban | F580: Kalyan (E) | G580: Kalyan | H580: Thane | I580: Maharashtra | J580: ATM COMPUTER SERVICE,1ST FLOOR, CHIKNI PADA, OPP FINE ARTS PHOTO , TISGAON ROAD, KALYAN (E)KALYAN (E)-421306 | K580: 9867555757 | L580: 000-00000000 | M580: 78210089@mkcl.org | N580: Sambhaji Tagad | O580: =VLOOKUP($B580,Sheet4!$A$1:$M$4092,MATCH('MASTER DATA'!O$1,Sheet4!$A$1:$M$1,0),0) -> 17 | P580: =VLOOKUP($B580,Sheet4!$A$1:$M$4092,MATCH('MASTER DATA'!P$1,Sheet4!$A$1:$M$1,0),0) -> 4 | Q580: =VLOOKUP($B580,Sheet4!$A$1:$M$4092,MATCH('MASTER DATA'!Q$1,Sheet4!$A$1:$M$1,0),0) -> 10 | R580: =VLOOKUP($B580,Sheet4!$A$1:$M$4092,MATCH('MASTER DATA'!R$1,Sheet4!$A$1:$M$1,0),0) -> 81 | S580: =VLOOKUP($B580,Sheet4!$A$1:$M$4092,MATCH('MASTER DATA'!S$1,Sheet4!$A$1:$M$1,0),0) -> 70 | T580: =VLOOKUP($B580,Sheet4!$A$1:$M$4092,MATCH('MASTER DATA'!T$1,Sheet4!$A$1:$M$1,0),0) -> 35 | U580: =VLOOKUP($B580,Sheet4!$A$1:$M$4092,MATCH('MASTER DATA'!U$1,Sheet4!$A$1:$M$1,0),0) -> 40 | V580: =VLOOKUP($B580,Sheet4!$A$1:$M$4092,MATCH('MASTER DATA'!V$1,Sheet4!$A$1:$M$1,0),0) -> 46 | ... Z580: =VLOOKUP($B580,Sheet4!$A$1:$M$4092,MATCH('MASTER DATA'!Z$1,Sheet4!$A$1:$M$1,0),0) -> 2
... A616: 615 | B616: 24210106 | C616: INFOTECH COMPUTER EDUCATION | D616: MS-CIT Renewed | E616: Urban | F616: SELOO | G616: Selu | H616: Wardha | I616: Maharashtra | J616: INFRONT OF DEOTARE HOSPITAL, WARD NO. 2, WADGAON ROAD, SELOOSELOO-442104 | K616: 9890355341 | L616: 07155-220230 | M616: 24210106@mkcl.org | N616: Kumar Katare | O616: =VLOOKUP($B616,Sheet4!$A$1:$M$4092,MATCH('MASTER DATA'!O$1,Sheet4!$A$1:$M$1,0),0) -> 6 | P616: =VLOOKUP($B616,Sheet4!$A$1:$M$4092,MATCH('MASTER DATA'!P$1,Sheet4!$A$1:$M$1,0),0) -> 9 | Q616: =VLOOKUP($B616,Sheet4!$A$1:$M$4092,MATCH('MASTER DATA'!Q$1,Sheet4!$A$1:$M$1,0),0) -> 9 | R616: =VLOOKUP($B616,Sheet4!$A$1:$M$4092,MATCH('MASTER DATA'!R$1,Sheet4!$A$1:$M$1,0),0) -> 74 | S616: =VLOOKUP($B616,Sheet4!$A$1:$M$4092,MATCH('MASTER DATA'!S$1,Sheet4!$A$1:$M$1,0),0) -> 48 | T616: =VLOOKUP($B616,Sheet4!$A$1:$M$4092,MATCH('MASTER DATA'!T$1,Sheet4!$A$1:$M$1,0),0) -> 12 | U616: =VLOOKUP($B616,Sheet4!$A$1:$M$4092,MATCH('MASTER DATA'!U$1,Sheet4!$A$1:$M$1,0),0) -> 65 | V616: =VLOOKUP($B616,Sheet4!$A$1:$M$4092,MATCH('MASTER DATA'!V$1,Sheet4!$A$1:$M$1,0),0) -> 12 | ... Z616: =VLOOKUP($B616,Sheet4!$A$1:$M$4092,MATCH('MASTER DATA'!Z$1,Sheet4!$A$1:$M$1,0),0) -> 0
A617: 616 | B617: 24210134 | C617: SAMARTH COMPUTER INSTITUTE | D617: MS-CIT NCR-2019 | E617: Rural | G617: Arvee | H617: Wardha | I617: Maharashtra | J617: ABOVE SHREE SANT KALE MAHARAJ DEVSTHAN TRUST (PRESIDENT MR. WADHE GURUJI), KHARANGANA TA ARVI DIST WARDHA -442106 | K617: 8421789809 | L617: - | M617: 24210134@mkcl.org | N617: Kumar Katare | O617: =VLOOKUP($B617,Sheet4!$A$1:$M$4092,MATCH('MASTER DATA'!O$1,Sheet4!$A$1:$M$1,0),0) -> 0 | P617: =VLOOKUP($B617,Sheet4!$A$1:$M$4092,MATCH('MASTER DATA'!P$1,Sheet4!$A$1:$M$1,0),0) -> 13 | Q617: =VLOOKUP($B617,Sheet4!$A$1:$M$4092,MATCH('MASTER DATA'!Q$1,Sheet4!$A$1:$M$1,0),0) -> 0 | R617: =VLOOKUP($B617,Sheet4!$A$1:$M$4092,MATCH('MASTER DATA'!R$1,Sheet4!$A$1:$M$1,0),0) -> 25 | S617: =VLOOKUP($B617,Sheet4!$A$1:$M$4092,MATCH('MASTER DATA'!S$1,Sheet4!$A$1:$M$1,0),0) -> 0 | T617: =VLOOKUP($B617,Sheet4!$A$1:$M$4092,MATCH('MASTER DATA'!T$1,Sheet4!$A$1:$M$1,0),0) -> 3 | U617: =VLOOKUP($B617,Sheet4!$A$1:$M$4092,MATCH('MASTER DATA'!U$1,Sheet4!$A$1:$M$1,0),0) -> 0 | V617: =VLOOKUP($B617,Sheet4!$A$1:$M$4092,MATCH('MASTER DATA'!V$1,Sheet4!$A$1:$M$1,0),0) -> 7 | ... Z617: =VLOOKUP($B617,Sheet4!$A$1:$M$4092,MATCH('MASTER DATA'!Z$1,Sheet4!$A$1:$M$1,0),0) -> 14
A618: 617 | B618: 22210002 | C618: Sucheta Systems | D618: MS-CIT Renewed | E618: Urban | F618: Malegaon | G618: Malegaon | H618: Washim | I618: Maharashtra | J618: 2ND FLOOR 'MAGAR SADAN' NEAR JANTA BANK AKOLA - WASHIM ROAD MALEGAONMALEGAON-444503 | K618: 9423611241 | L618: 07254-275350 | M618: 22210002@mkcl.org | N618: Kumar Katare | O618: =VLOOKUP($B618,Sheet4!$A$1:$M$4092,MATCH('MASTER DATA'!O$1,Sheet4!$A$1:$M$1,0),0) -> 51 | P618: =VLOOKUP($B618,Sheet4!$A$1:$M$4092,MATCH('MASTER DATA'!P$1,Sheet4!$A$1:$M$1,0),0) -> 78 | Q618: =VLOOKUP($B618,Sheet4!$A$1:$M$4092,MATCH('MASTER DATA'!Q$1,Sheet4!$A$1:$M$1,0),0) -> 245 | R618: =VLOOKUP($B618,Sheet4!$A$1:$M$4092,MATCH('MASTER DATA'!R$1,Sheet4!$A$1:$M$1,0),0) -> 830 | S618: =VLOOKUP($B618,Sheet4!$A$1:$M$4092,MATCH('MASTER DATA'!S$1,Sheet4!$A$1:$M$1,0),0) -> 121 | T618: =VLOOKUP($B618,Sheet4!$A$1:$M$4092,MATCH('MASTER DATA'!T$1,Sheet4!$A$1:$M$1,0),0) -> 1 | U618: =VLOOKUP($B618,Sheet4!$A$1:$M$4092,MATCH('MASTER DATA'!U$1,Sheet4!$A$1:$M$1,0),0) -> 60 | V618: =VLOOKUP($B618,Sheet4!$A$1:$M$4092,MATCH('MASTER DATA'!V$1,Sheet4!$A$1:$M$1,0),0) -> 48 | ... Z618: =VLOOKUP($B618,Sheet4!$A$1:$M$4092,MATCH('MASTER DATA'!Z$1,Sheet4!$A$1:$M$1,0),0) -> 15
A619: 618 | B619: 22210054 | C619: shrikrushan computer education | D619: MS-CIT Renewed | E619: Rural | F619: mangrulpir,navin sonkhas | G619: Mangrulpir | H619: Washim | I619: Maharashtra | J619: NAVIN SONKHAS BAYPAS ROAD MANGRUPIR NEAR SHRIKRUSHNA MANDIR , NISHIGANDHA, MANGRULPIR, MANGRULPIRMANGRULPIR,NAVIN SONKHAS-444403 | K619: 9421895823 | L619: 07253-217874 | M619: 22210054@mkcl.org | N619: Kumar Katare | O619: =VLOOKUP($B619,Sheet4!$A$1:$M$4092,MATCH('MASTER DATA'!O$1,Sheet4!$A$1:$M$1,0),0) -> 53 | P619: =VLOOKUP($B619,Sheet4!$A$1:$M$4092,MATCH('MASTER DATA'!P$1,Sheet4!$A$1:$M$1,0),0) -> 8 | Q619: =VLOOKUP($B619,Sheet4!$A$1:$M$4092,MATCH('MASTER DATA'!Q$1,Sheet4!$A$1:$M$1,0),0) -> 16 | R619: =VLOOKUP($B619,Sheet4!$A$1:$M$4092,MATCH('MASTER DATA'!R$1,Sheet4!$A$1:$M$1,0),0) -> 119 | S619: =VLOOKUP($B619,Sheet4!$A$1:$M$4092,MATCH('MASTER DATA'!S$1,Sheet4!$A$1:$M$1,0),0) -> 155 | T619: =VLOOKUP($B619,Sheet4!$A$1:$M$4092,MATCH('MASTER DATA'!T$1,Sheet4!$A$1:$M$1,0),0) -> 27 | U619: =VLOOKUP($B619,Sheet4!$A$1:$M$4092,MATCH('MASTER DATA'!U$1,Sheet4!$A$1:$M$1,0),0) -> 39 | V619: =VLOOKUP($B619,Sheet4!$A$1:$M$4092,MATCH('MASTER DATA'!V$1,Sheet4!$A$1:$M$1,0),0) -> 9 | ... Z619: =VLOOKUP($B619,Sheet4!$A$1:$M$4092,MATCH('MASTER DATA'!Z$1,Sheet4!$A$1:$M$1,0),0) -> 11
A620: 619 | B620: 22210027 | C620: Abhishek Computer Education | D620: MS-CIT Renewed | E620: Rural | F620: Shelubazar | G620: Mangrulpir | H620: Washim | I620: Maharashtra | J620: JANKI NIWAS , AKOLA ROAD , SHELUBAZARSHELUBAZAR-444402 | K620: 9922037284 | L620: 07253-234284 | M620: 22210027@mkcl.org | N620: Kumar Katare | O620: =VLOOKUP($B620,Sheet4!$A$1:$M$4092,MATCH('MASTER DATA'!O$1,Sheet4!$A$1:$M$1,0),0) -> 24 | P620: =VLOOKUP($B620,Sheet4!$A$1:$M$4092,MATCH('MASTER DATA'!P$1,Sheet4!$A$1:$M$1,0),0) -> 1 | Q620: =VLOOKUP($B620,Sheet4!$A$1:$M$4092,MATCH('MASTER DATA'!Q$1,Sheet4!$A$1:$M$1,0),0) -> 8 | R620: =VLOOKUP($B620,Sheet4!$A$1:$M$4092,MATCH('MASTER DATA'!R$1,Sheet4!$A$1:$M$1,0),0) -> 292 | S620: =VLOOKUP($B620,Sheet4!$A$1:$M$4092,MATCH('MASTER DATA'!S$1,Sheet4!$A$1:$M$1,0),0) -> 190 | T620: =VLOOKUP($B620,Sheet4!$A$1:$M$4092,MATCH('MASTER DATA'!T$1,Sheet4!$A$1:$M$1,0),0) -> 15 | U620: =VLOOKUP($B620,Sheet4!$A$1:$M$4092,MATCH('MASTER DATA'!U$1,Sheet4!$A$1:$M$1,0),0) -> 19 | V620: =VLOOKUP($B620,Sheet4!$A$1:$M$4092,MATCH('MASTER DATA'!V$1,Sheet4!$A$1:$M$1,0),0) -> 45 | ... Z620: =VLOOKUP($B620,Sheet4!$A$1:$M$4092,MATCH('MASTER DATA'!Z$1,Sheet4!$A$1:$M$1,0),0) -> 13
A621: 620 | B621: 22210029 | C621: Shree Infotech | D621: MS-CIT Renewed | E621: Urban | F621: Washim | G621: Washim | H621: Washim | I621: Maharashtra | J621: 3RD FLOOR, BLOCK NO.3, DESHMUKH COMPLEX, INFRONT OF MILIND GAYS AGENCIES, RISOD ROAD, LAKHALA, WASHIM TQ. DIST. WASHIMWASHIM-444505 | K621: 9270765550 | L621: 07252-231262 | M621: 22210029@mkcl.org | N621: Kumar Katare | O621: =VLOOKUP($B621,Sheet4!$A$1:$M$4092,MATCH('MASTER DATA'!O$1,Sheet4!$A$1:$M$1,0),0) -> 12 | P621: =VLOOKUP($B621,Sheet4!$A$1:$M$4092,MATCH('MASTER DATA'!P$1,Sheet4!$A$1:$M$1,0),0) -> 19 | Q621: =VLOOKUP($B621,Sheet4!$A$1:$M$4092,MATCH('MASTER DATA'!Q$1,Sheet4!$A$1:$M$1,0),0) -> 17 | R621: =VLOOKUP($B621,Sheet4!$A$1:$M$4092,MATCH('MASTER DATA'!R$1,Sheet4!$A$1:$M$1,0),0) -> 149 | S621: =VLOOKUP($B621,Sheet4!$A$1:$M$4092,MATCH('MASTER DATA'!S$1,Sheet4!$A$1:$M$1,0),0) -> 79 | T621: =VLOOKUP($B621,Sheet4!$A$1:$M$4092,MATCH('MASTER DATA'!T$1,Sheet4!$A$1:$M$1,0),0) -> 32 | U621: =VLOOKUP($B621,Sheet4!$A$1:$M$4092,MATCH('MASTER DATA'!U$1,Sheet4!$A$1:$M$1,0),0) -> 31 | V621: =VLOOKUP($B621,Sheet4!$A$1:$M$4092,MATCH('MASTER DATA'!V$1,Sheet4!$A$1:$M$1,0),0) -> 29 | ... Z621: =VLOOKUP($B621,Sheet4!$A$1:$M$4092,MATCH('MASTER DATA'!Z$1,Sheet4!$A$1:$M$1,0),0) -> 5
A622: 621 | B622: 22210090 | C622: ABHIJIT COMPUTER WANOJA | D622: MS-CIT NCR-2017 | E622: Rural | F622: WASHIM | G622: Mangrulpir | H622: Washim | I622: Maharashtra | J622: AT.POST. WANOJA TQ. MANGRULPIR DIST. WASHIMWASHIM-444402 | K622: 9552425564 | L622: 07253-268017 | M622: 22210090@mkcl.org | N622: Kumar Katare | O622: =VLOOKUP($B622,Sheet4!$A$1:$M$4092,MATCH('MASTER DATA'!O$1,Sheet4!$A$1:$M$1,0),0) -> 0 | P622: =VLOOKUP($B622,Sheet4!$A$1:$M$4092,MATCH('MASTER DATA'!P$1,Sheet4!$A$1:$M$1,0),0) -> 0 | Q622: =VLOOKUP($B622,Sheet4!$A$1:$M$4092,MATCH('MASTER DATA'!Q$1,Sheet4!$A$1:$M$1,0),0) -> 0 | R622: =VLOOKUP($B622,Sheet4!$A$1:$M$4092,MATCH('MASTER DATA'!R$1,Sheet4!$A$1:$M$1,0),0) -> 70 | S622: =VLOOKUP($B622,Sheet4!$A$1:$M$4092,MATCH('MASTER DATA'!S$1,Sheet4!$A$1:$M$1,0),0) -> 8 | T622: =VLOOKUP($B622,Sheet4!$A$1:$M$4092,MATCH('MASTER DATA'!T$1,Sheet4!$A$1:$M$1,0),0) -> 0 | U622: =VLOOKUP($B622,Sheet4!$A$1:$M$4092,MATCH('MASTER DATA'!U$1,Sheet4!$A$1:$M$1,0),0) -> 13 | V622: =VLOOKUP($B622,Sheet4!$A$1:$M$4092,MATCH('MASTER DATA'!V$1,Sheet4!$A$1:$M$1,0),0) -> 11 | ... Z622: =VLOOKUP($B622,Sheet4!$A$1:$M$4092,MATCH('MASTER DATA'!Z$1,Sheet4!$A$1:$M$1,0),0) -> 0
A623: 622 | B623: 22210001 | C623: Master Mind Computer Institute | D623: MS-CIT Renewed | E623: Urban | F623: Malegaon | G623: Malegaon | H623: Washim | I623: Maharashtra | J623: SHIV COLONYNEAR DESHPANDE PLOTMALEGAONMALEGAON-444503 | K623: 9423611239 | L623: 07254-271519 | M623: 22210001@mkcl.org | N623: Kumar Katare | O623: =VLOOKUP($B623,Sheet4!$A$1:$M$4092,MATCH('MASTER DATA'!O$1,Sheet4!$A$1:$M$1,0),0) -> 83 | P623: =VLOOKUP($B623,Sheet4!$A$1:$M$4092,MATCH('MASTER DATA'!P$1,Sheet4!$A$1:$M$1,0),0) -> 30 | Q623: =VLOOKUP($B623,Sheet4!$A$1:$M$4092,MATCH('MASTER DATA'!Q$1,Sheet4!$A$1:$M$1,0),0) -> 93 | R623: =VLOOKUP($B623,Sheet4!$A$1:$M$4092,MATCH('MASTER DATA'!R$1,Sheet4!$A$1:$M$1,0),0) -> 447 | S623: =VLOOKUP($B623,Sheet4!$A$1:$M$4092,MATCH('MASTER DATA'!S$1,Sheet4!$A$1:$M$1,0),0) -> 243 | T623: =VLOOKUP($B623,Sheet4!$A$1:$M$4092,MATCH('MASTER DATA'!T$1,Sheet4!$A$1:$M$1,0),0) -> 0 | U623: =VLOOKUP($B623,Sheet4!$A$1:$M$4092,MATCH('MASTER DATA'!U$1,Sheet4!$A$1:$M$1,0),0) -> 83 | V623: =VLOOKUP($B623,Sheet4!$A$1:$M$4092,MATCH('MASTER DATA'!V$1,Sheet4!$A$1:$M$1,0),0) -> 16 | ... Z623: =VLOOKUP($B623,Sheet4!$A$1:$M$4092,MATCH('MASTER DATA'!Z$1,Sheet4!$A$1:$M$1,0),0) -> 16
A624: 623 | B624: 42210004 | C624: Ideal Computer Institute | D624: MS-CIT Renewed | E624: Urban | F624: Yavatmal | G624: Yavatmal | H624: Yavatmal | I624: Maharashtra | J624: IDEAL COMPUTER INST.BANGAR NAGAR, WAGHAPUR ROAD, YAVATMALYAVATMAL-445001 | K624: 9890089458 | L624: 07232-247050 | M624: 42210004@mkcl.org | N624: Kumar Katare | O624: =VLOOKUP($B624,Sheet4!$A$1:$M$4092,MATCH('MASTER DATA'!O$1,Sheet4!$A$1:$M$1,0),0) -> 20 | P624: =VLOOKUP($B624,Sheet4!$A$1:$M$4092,MATCH('MASTER DATA'!P$1,Sheet4!$A$1:$M$1,0),0) -> 21 | Q624: =VLOOKUP($B624,Sheet4!$A$1:$M$4092,MATCH('MASTER DATA'!Q$1,Sheet4!$A$1:$M$1,0),0) -> 39 | R624: =VLOOKUP($B624,Sheet4!$A$1:$M$4092,MATCH('MASTER DATA'!R$1,Sheet4!$A$1:$M$1,0),0) -> 101 | S624: =VLOOKUP($B624,Sheet4!$A$1:$M$4092,MATCH('MASTER DATA'!S$1,Sheet4!$A$1:$M$1,0),0) -> 56 | T624: =VLOOKUP($B624,Sheet4!$A$1:$M$4092,MATCH('MASTER DATA'!T$1,Sheet4!$A$1:$M$1,0),0) -> 11 | U624: =VLOOKUP($B624,Sheet4!$A$1:$M$4092,MATCH('MASTER DATA'!U$1,Sheet4!$A$1:$M$1,0),0) -> 61 | V624: =VLOOKUP($B624,Sheet4!$A$1:$M$4092,MATCH('MASTER DATA'!V$1,Sheet4!$A$1:$M$1,0),0) -> 19 | ... Z624: =VLOOKUP($B624,Sheet4!$A$1:$M$4092,MATCH('MASTER DATA'!Z$1,Sheet4!$A$1:$M$1,0),0) -> 14
A625: 624 | B625: 42210001 | C625: Aisect Computer Institute | D625: MS-CIT Renewed | E625: Urban | F625: Pusad | G625: Pusad | H625: Yavatmal | I625: Maharashtra | J625: AISECT COM.INS.NEAR CHIDDERWAR JWELLERS GANESH WARD , PUSAD, YAVATMALPUSAD-445204 | K625: 9423134779 | L625: 07233-247519 | M625: 42210001@mkcl.org | N625: Kumar Katare | O625: =VLOOKUP($B625,Sheet4!$A$1:$M$4092,MATCH('MASTER DATA'!O$1,Sheet4!$A$1:$M$1,0),0) -> 28 | P625: =VLOOKUP($B625,Sheet4!$A$1:$M$4092,MATCH('MASTER DATA'!P$1,Sheet4!$A$1:$M$1,0),0) -> 15 | Q625: =VLOOKUP($B625,Sheet4!$A$1:$M$4092,MATCH('MASTER DATA'!Q$1,Sheet4!$A$1:$M$1,0),0) -> 26 | R625: =VLOOKUP($B625,Sheet4!$A$1:$M$4092,MATCH('MASTER DATA'!R$1,Sheet4!$A$1:$M$1,0),0) -> 66 | S625: =VLOOKUP($B625,Sheet4!$A$1:$M$4092,MATCH('MASTER DATA'!S$1,Sheet4!$A$1:$M$1,0),0) -> 55 | T625: =VLOOKUP($B625,Sheet4!$A$1:$M$4092,MATCH('MASTER DATA'!T$1,Sheet4!$A$1:$M$1,0),0) -> 6 | U625: =VLOOKUP($B625,Sheet4!$A$1:$M$4092,MATCH('MASTER DATA'!U$1,Sheet4!$A$1:$M$1,0),0) -> 23 | V625: =VLOOKUP($B625,Sheet4!$A$1:$M$4092,MATCH('MASTER DATA'!V$1,Sheet4!$A$1:$M$1,0),0) -> 6 | ... Z625: =VLOOKUP($B625,Sheet4!$A$1:$M$4092,MATCH('MASTER DATA'!Z$1,Sheet4!$A$1:$M$1,0),0) -> 9
A626: 625 | B626: 42210051 | C626: Pentium-4 Computer | D626: MS-CIT Renewed | E626: Urban | F626: Ner Parsopant | G626: Ner | H626: Yavatmal | I626: Maharashtra | J626: KOTHARI NAGAR, IN FRONT OF BANK OF MAHARASHTRA, BEHIND THE ANUSHKA PETROL PUMPNER PARSOPANT-445102 | K626: 9421772689 | L626: 07238-268163 | M626: 42210051@mkcl.org | N626: Kumar Katare | O626: =VLOOKUP($B626,Sheet4!$A$1:$M$4092,MATCH('MASTER DATA'!O$1,Sheet4!$A$1:$M$1,0),0) -> 30 | P626: =VLOOKUP($B626,Sheet4!$A$1:$M$4092,MATCH('MASTER DATA'!P$1,Sheet4!$A$1:$M$1,0),0) -> 62 | Q626: =VLOOKUP($B626,Sheet4!$A$1:$M$4092,MATCH('MASTER DATA'!Q$1,Sheet4!$A$1:$M$1,0),0) -> 6 | R626: =VLOOKUP($B626,Sheet4!$A$1:$M$4092,MATCH('MASTER DATA'!R$1,Sheet4!$A$1:$M$1,0),0) -> 267 | S626: =VLOOKUP($B626,Sheet4!$A$1:$M$4092,MATCH('MASTER DATA'!S$1,Sheet4!$A$1:$M$1,0),0) -> 107 | T626: =VLOOKUP($B626,Sheet4!$A$1:$M$4092,MATCH('MASTER DATA'!T$1,Sheet4!$A$1:$M$1,0),0) -> 20 | U626: =VLOOKUP($B626,Sheet4!$A$1:$M$4092,MATCH('MASTER DATA'!U$1,Sheet4!$A$1:$M$1,0),0) -> 42 | V626: =VLOOKUP($B626,Sheet4!$A$1:$M$4092,MATCH('MASTER DATA'!V$1,Sheet4!$A$1:$M$1,0),0) -> 24 | ... Z626: =VLOOKUP($B626,Sheet4!$A$1:$M$4092,MATCH('MASTER DATA'!Z$1,Sheet4!$A$1:$M$1,0),0) -> 33
A627: 626 | B627: 42210120 | C627: Shree Chintamani Computers Ralegaon | D627: MS-CIT Renewed | E627: Urban | F627: Ralegaon | G627: Ralegaon | H627: Yavatmal | I627: Maharashtra | J627: MATA NAGAR, MATA NAGAR, RALEGAON, RALEGAONRALEGAON-445402 | K627: 9890591530 | L627: 07202-225150 | M627: 42210120@mkcl.org | N627: Kumar Katare | O627: =VLOOKUP($B627,Sheet4!$A$1:$M$4092,MATCH('MASTER DATA'!O$1,Sheet4!$A$1:$M$1,0),0) -> 49 | P627: =VLOOKUP($B627,Sheet4!$A$1:$M$4092,MATCH('MASTER DATA'!P$1,Sheet4!$A$1:$M$1,0),0) -> 102 | Q627: =VLOOKUP($B627,Sheet4!$A$1:$M$4092,MATCH('MASTER DATA'!Q$1,Sheet4!$A$1:$M$1,0),0) -> 87 | R627: =VLOOKUP($B627,Sheet4!$A$1:$M$4092,MATCH('MASTER DATA'!R$1,Sheet4!$A$1:$M$1,0),0) -> 275 | S627: =VLOOKUP($B627,Sheet4!$A$1:$M$4092,MATCH('MASTER DATA'!S$1,Sheet4!$A$1:$M$1,0),0) -> 136 | T627: =VLOOKUP($B627,Sheet4!$A$1:$M$4092,MATCH('MASTER DATA'!T$1,Sheet4!$A$1:$M$1,0),0) -> 22 | U627: =VLOOKUP($B627,Sheet4!$A$1:$M$4092,MATCH('MASTER DATA'!U$1,Sheet4!$A$1:$M$1,0),0) -> 60 | V627: =VLOOKUP($B627,Sheet4!$A$1:$M$4092,MATCH('MASTER DATA'!V$1,Sheet4!$A$1:$M$1,0),0) -> 47 | ... Z627: =VLOOKUP($B627,Sheet4!$A$1:$M$4092,MATCH('MASTER DATA'!Z$1,Sheet4!$A$1:$M$1,0),0) -> 13
A628: 627 | B628: 42210127 | C628: Good-Luck Computers, Maregaon | D628: MS-CIT Renewed | E628: Urban | F628: Maregaon | G628: Moregaon | H628: Yavatmal | I628: Maharashtra | J628: AT PO MAREGAON, AT PO MAREGAON, AT PO MAREGAON, AT PO MAREGAONMAREGAON-445303 | K628: 9922681323 | L628: 07237-237069 | M628: 42210127@mkcl.org | N628: Kumar Katare | O628: =VLOOKUP($B628,Sheet4!$A$1:$M$4092,MATCH('MASTER DATA'!O$1,Sheet4!$A$1:$M$1,0),0) -> 75 | P628: =VLOOKUP($B628,Sheet4!$A$1:$M$4092,MATCH('MASTER DATA'!P$1,Sheet4!$A$1:$M$1,0),0) -> 70 | Q628: =VLOOKUP($B628,Sheet4!$A$1:$M$4092,MATCH('MASTER DATA'!Q$1,Sheet4!$A$1:$M$1,0),0) -> 95 | R628: =VLOOKUP($B628,Sheet4!$A$1:$M$4092,MATCH('MASTER DATA'!R$1,Sheet4!$A$1:$M$1,0),0) -> 248 | S628: =VLOOKUP($B628,Sheet4!$A$1:$M$4092,MATCH('MASTER DATA'!S$1,Sheet4!$A$1:$M$1,0),0) -> 118 | T628: =VLOOKUP($B628,Sheet4!$A$1:$M$4092,MATCH('MASTER DATA'!T$1,Sheet4!$A$1:$M$1,0),0) -> 14 | U628: =VLOOKUP($B628,Sheet4!$A$1:$M$4092,MATCH('MASTER DATA'!U$1,Sheet4!$A$1:$M$1,0),0) -> 50 | V628: =VLOOKUP($B628,Sheet4!$A$1:$M$4092,MATCH('MASTER DATA'!V$1,Sheet4!$A$1:$M$1,0),0) -> 25 | ... Z628: =VLOOKUP($B628,Sheet4!$A$1:$M$4092,MATCH('MASTER DATA'!Z$1,Sheet4!$A$1:$M$1,0),0) -> 29
A629: 628 | B629: 42210097 | C629: Chintamani Computer Education Digras | D629: MS-CIT Renewed | E629: Urban | F629: Digras | G629: Digras | H629: Yavatmal | I629: Maharashtra | J629: PUSAD ROAD, NEAR WADAWALA JIN, DIGRASDIGRAS-445203 | K629: 9423612774 | L629: 07234-223737 | M629: 42210097@mkcl.org | N629: Kumar Katare | O629: =VLOOKUP($B629,Sheet4!$A$1:$M$4092,MATCH('MASTER DATA'!O$1,Sheet4!$A$1:$M$1,0),0) -> 22 | P629: =VLOOKUP($B629,Sheet4!$A$1:$M$4092,MATCH('MASTER DATA'!P$1,Sheet4!$A$1:$M$1,0),0) -> 12 | Q629: =VLOOKUP($B629,Sheet4!$A$1:$M$4092,MATCH('MASTER DATA'!Q$1,Sheet4!$A$1:$M$1,0),0) -> 43 | R629: =VLOOKUP($B629,Sheet4!$A$1:$M$4092,MATCH('MASTER DATA'!R$1,Sheet4!$A$1:$M$1,0),0) -> 201 | S629: =VLOOKUP($B629,Sheet4!$A$1:$M$4092,MATCH('MASTER DATA'!S$1,Sheet4!$A$1:$M$1,0),0) -> 91 | T629: =VLOOKUP($B629,Sheet4!$A$1:$M$4092,MATCH('MASTER DATA'!T$1,Sheet4!$A$1:$M$1,0),0) -> 33 | U629: =VLOOKUP($B629,Sheet4!$A$1:$M$4092,MATCH('MASTER DATA'!U$1,Sheet4!$A$1:$M$1,0),0) -> 48 | V629: =VLOOKUP($B629,Sheet4!$A$1:$M$4092,MATCH('MASTER DATA'!V$1,Sheet4!$A$1:$M$1,0),0) -> 27 | ... Z629: =VLOOKUP($B629,Sheet4!$A$1:$M$4092,MATCH('MASTER DATA'!Z$1,Sheet4!$A$1:$M$1,0),0) -> 13
... A633: 632 | B633: 42210082 | C633: Satyam Computers | D633: MS-CIT Renewed | E633: Urban | F633: Yavatmal | G633: Yavatmal | H633: Yavatmal | I633: Maharashtra | J633: IN FRONT OF SHIVAJI NAGAR GROUND, SHIVAJI NAGAR, YAVATMAL, 445001YAVATMAL-445001 | K633: 9420042454 | L633: 07232-248749 | M633: 42210082@mkcl.org | N633: Kumar Katare | O633: =VLOOKUP($B633,Sheet4!$A$1:$M$4092,MATCH('MASTER DATA'!O$1,Sheet4!$A$1:$M$1,0),0) -> 49 | P633: =VLOOKUP($B633,Sheet4!$A$1:$M$4092,MATCH('MASTER DATA'!P$1,Sheet4!$A$1:$M$1,0),0) -> 13 | Q633: =VLOOKUP($B633,Sheet4!$A$1:$M$4092,MATCH('MASTER DATA'!Q$1,Sheet4!$A$1:$M$1,0),0) -> 26 | R633: =VLOOKUP($B633,Sheet4!$A$1:$M$4092,MATCH('MASTER DATA'!R$1,Sheet4!$A$1:$M$1,0),0) -> 219 | S633: =VLOOKUP($B633,Sheet4!$A$1:$M$4092,MATCH('MASTER DATA'!S$1,Sheet4!$A$1:$M$1,0),0) -> 185 | T633: =VLOOKUP($B633,Sheet4!$A$1:$M$4092,MATCH('MASTER DATA'!T$1,Sheet4!$A$1:$M$1,0),0) -> 21 | U633: =VLOOKUP($B633,Sheet4!$A$1:$M$4092,MATCH('MASTER DATA'!U$1,Sheet4!$A$1:$M$1,0),0) -> 75 | V633: =VLOOKUP($B633,Sheet4!$A$1:$M$4092,MATCH('MASTER DATA'!V$1,Sheet4!$A$1:$M$1,0),0) -> 56 | ... Z633: =VLOOKUP($B633,Sheet4!$A$1:$M$4092,MATCH('MASTER DATA'!Z$1,Sheet4!$A$1:$M$1,0),0) -> 6
...

Sheet Sheet4
A1: Code | B1: Jan | C1: Feb | D1: Mar | E1: Apr | F1: May | G1: Jun | H1: Jul | I1: Aug | J1: Sep | K1: Oct | L1: Nov | M1: Dec
B2: ='2019'!$B$2 -> 17 | C2: ='2019'!$C$2 -> 6 | D2: ='2019'!$D$2 -> 59 | E2: ='2019'!$E$2 -> 41 | F2: ='2019'!$F$2 -> 14 | G2: ='2019'!$G$2 -> 9 | H2: ='2019'!$H$2 -> 15 | I2: ='2019'!$I$2 -> 6 | J2: ='2019'!$J$2 -> 6 | K2: ='2019'!$K$2 -> 14 | L2: ='2019'!$L$2 -> 7 | M2: ='2019'!$M$2 -> 3
B3: ='2020'!$B$2 -> 7 | C3: ='2020'!$C$2 -> 3 | D3: ='2020'!$D$2 -> 22 | E3: ='2020'!$E$2 -> 42 | F3: ='2020'!$F$2 -> 69 | G3: ='2020'!$G$2 -> 2 | H3: ='2020'!$H$2 -> 10 | I3: ='2020'!$I$2 -> 20 | J3: ='2020'!$J$2 -> 12 | K3: ='2020'!$K$2 -> 6 | L3: ='2020'!$L$2 -> 5 | M3: ='2020'!$M$2 -> 0
B4: ='2021'!$B$2 -> 11 | C4: ='2021'!$C$2 -> 0 | D4: ='2021'!$D$2 -> 0 | E4: ='2021'!$E$2 -> 117 | F4: ='2021'!$F$2 -> 29 | G4: ='2021'!$G$2 -> 0 | H4: ='2021'!$H$2 -> 16 | I4: ='2021'!$I$2 -> 0 | J4: ='2021'!$J$2 -> 21 | K4: ='2021'!$K$2 -> 0 | L4: ='2021'!$L$2 -> 21 | M4: ='2021'!$M$2 -> 0
B5: ='2022'!$B$2 -> 15 | C5: ='2022'!$C$2 -> 0 | D5: ='2022'!$D$2 -> 15 | E5: ='2022'!$E$2 -> 140 | F5: ='2022'!$F$2 -> 53 | G5: ='2022'!$G$2 -> 0 | H5: ='2022'!$H$2 -> 21 | I5: ='2022'!$I$2 -> 0 | J5: ='2022'!$J$2 -> 19 | K5: ='2022'!$K$2 -> 0 | L5: ='2022'!$L$2 -> 30 | M5: ='2022'!$M$2 -> 19
B6: ='2023'!$B$2 -> 0 | C6: ='2023'!$C$2 -> 40 | D6: ='2023'!$D$2 -> 0 | E6: ='2023'!$E$2 -> 166 | F6: ='2023'!$F$2 -> 0 | G6: ='2023'!$G$2 -> 0 | H6: ='2023'!$H$2 -> 20 | I6: ='2023'!$I$2 -> 27 | J6: ='2023'!$J$2 -> 0 | K6: ='2023'!$K$2 -> 0 | L6: ='2023'!$L$2 -> 0 | M6: ='2023'!$M$2 -> 0
A7: 17210059 | B7: =SUM(B2:B6) -> 50 | C7: =SUM(C2:C6) -> 49 | D7: =SUM(D2:D6) -> 96 | E7: =SUM(E2:E6) -> 506 | F7: =SUM(F2:F6) -> 165 | G7: =SUM(G2:G6) -> 11 | H7: =SUM(H2:H6) -> 82 | I7: =SUM(I2:I6) -> 53 | ... M7: =SUM(M2:M6) -> 22
B8: ='2019'!$B$3 -> 5 | C8: ='2019'!$C$3 -> 23 | D8: ='2019'!$D$3 -> 0 | E8: ='2019'!$E$3 -> 124 | F8: ='2019'!$F$3 -> 55 | G8: ='2019'!$G$3 -> 23 | H8: ='2019'!$H$3 -> 13 | I8: ='2019'!$I$3 -> 18 | J8: ='2019'!$J$3 -> 11 | K8: ='2019'!$K$3 -> 8 | L8: ='2019'!$L$3 -> 7 | M8: ='2019'!$M$3 -> 7
B9: ='2020'!$B$3 -> 5 | C9: ='2020'!$C$3 -> 60 | D9: ='2020'!$D$3 -> 10 | E9: ='2020'!$E$3 -> 98 | F9: ='2020'!$F$3 -> 59 | G9: ='2020'!$G$3 -> 18 | H9: ='2020'!$H$3 -> 6 | I9: ='2020'!$I$3 -> 8 | J9: ='2020'!$J$3 -> 8 | K9: ='2020'!$K$3 -> 9 | L9: ='2020'!$L$3 -> 15 | M9: ='2020'!$M$3 -> 0
B10: ='2021'!$B$3 -> 20 | C10: ='2021'!$C$3 -> 0 | D10: ='2021'!$D$3 -> 0 | E10: ='2021'!$E$3 -> 86 | F10: ='2021'!$F$3 -> 20 | G10: ='2021'!$G$3 -> 0 | H10: ='2021'!$H$3 -> 26 | I10: ='2021'!$I$3 -> 0 | J10: ='2021'!$J$3 -> 10 | K10: ='2021'!$K$3 -> 0 | L10: ='2021'!$L$3 -> 15 | M10: ='2021'!$M$3 -> 0
B11: ='2022'!$B$3 -> 29 | C11: ='2022'!$C$3 -> 0 | D11: ='2022'!$D$3 -> 0 | E11: ='2022'!$E$3 -> 116 | F11: ='2022'!$F$3 -> 46 | G11: ='2022'!$G$3 -> 0 | H11: ='2022'!$H$3 -> 34 | I11: ='2022'!$I$3 -> 0 | J11: ='2022'!$J$3 -> 24 | K11: ='2022'!$K$3 -> 0 | L11: ='2022'!$L$3 -> 20 | M11: ='2022'!$M$3 -> 9
B12: ='2023'!$B$3 -> 0 | C12: ='2023'!$C$3 -> 14 | D12: ='2023'!$D$3 -> 0 | E12: ='2023'!$E$3 -> 126 | F12: ='2023'!$F$3 -> 0 | G12: ='2023'!$G$3 -> 7 | H12: ='2023'!$H$3 -> 2 | I12: ='2023'!$I$3 -> 5 | J12: ='2023'!$J$3 -> 0 | K12: ='2023'!$K$3 -> 0 | L12: ='2023'!$L$3 -> 0 | M12: ='2023'!$M$3 -> 0
A13: 32210002 | B13: =SUM(B8:B12) -> 59 | C13: =SUM(C8:C12) -> 97 | D13: =SUM(D8:D12) -> 10 | E13: =SUM(E8:E12) -> 550 | F13: =SUM(F8:F12) -> 180 | G13: =SUM(G8:G12) -> 48 | H13: =SUM(H8:H12) -> 81 | I13: =SUM(I8:I12) -> 31 | ... M13: =SUM(M8:M12) -> 16
B14: ='2019'!$B$4 -> 12 | C14: ='2019'!$C$4 -> 2 | D14: ='2019'!$D$4 -> 27 | E14: ='2019'!$E$4 -> 41 | F14: ='2019'!$F$4 -> 21 | G14: ='2019'!$G$4 -> 0 | H14: ='2019'!$H$4 -> 19 | I14: ='2019'!$I$4 -> 19 | J14: ='2019'!$J$4 -> 3 | K14: ='2019'!$K$4 -> 14 | L14: ='2019'!$L$4 -> 4 | M14: ='2019'!$M$4 -> 5
B15: ='2020'!$B$4 -> 3 | C15: ='2020'!$C$4 -> 6 | D15: ='2020'!$D$4 -> 9 | E15: ='2020'!$E$4 -> 0 | F15: ='2020'!$F$4 -> 52 | G15: ='2020'!$G$4 -> 11 | H15: ='2020'!$H$4 -> 8 | I15: ='2020'!$I$4 -> 5 | J15: ='2020'!$J$4 -> 0 | K15: ='2020'!$K$4 -> 1 | L15: ='2020'!$L$4 -> 5 | M15: ='2020'!$M$4 -> 0
B16: ='2021'!$B$4 -> 11 | C16: ='2021'!$C$4 -> 0 | D16: ='2021'!$D$4 -> 0 | E16: ='2021'!$E$4 -> 56 | F16: ='2021'!$F$4 -> 43 | G16: ='2021'!$G$4 -> 0 | H16: ='2021'!$H$4 -> 18 | I16: ='2021'!$I$4 -> 0 | J16: ='2021'!$J$4 -> 2 | K16: ='2021'!$K$4 -> 0 | L16: ='2021'!$L$4 -> 7 | M16: ='2021'!$M$4 -> 0
B17: ='2022'!$B$4 -> 15 | C17: ='2022'!$C$4 -> 0 | D17: ='2022'!$D$4 -> 0 | E17: ='2022'!$E$4 -> 91 | F17: ='2022'!$F$4 -> 17 | G17: ='2022'!$G$4 -> 0 | H17: ='2022'!$H$4 -> 12 | I17: ='2022'!$I$4 -> 0 | J17: ='2022'!$J$4 -> 6 | K17: ='2022'!$K$4 -> 0 | L17: ='2022'!$L$4 -> 6 | M17: ='2022'!$M$4 -> 1
B18: ='2023'!$B$4 -> 0 | C18: ='2023'!$C$4 -> 26 | D18: ='2023'!$D$4 -> 0 | E18: ='2023'!$E$4 -> 57 | F18: ='2023'!$F$4 -> 0 | G18: ='2023'!$G$4 -> 0 | H18: ='2023'!$H$4 -> 12 | I18: ='2023'!$I$4 -> 10 | J18: ='2023'!$J$4 -> 0 | K18: ='2023'!$K$4 -> 0 | L18: ='2023'!$L$4 -> 0 | M18: ='2023'!$M$4 -> 0
A19: 39210001 | B19: =SUM(B14:B18) -> 41 | C19: =SUM(C14:C18) -> 34 | D19: =SUM(D14:D18) -> 36 | E19: =SUM(E14:E18) -> 245 | F19: =SUM(F14:F18) -> 133 | G19: =SUM(G14:G18) -> 11 | H19: =SUM(H14:H18) -> 69 | I19: =SUM(I14:I18) -> 34 | ... M19: =SUM(M14:M18) -> 6
B20: ='2019'!$B$5 -> 5 | C20: ='2019'!$C$5 -> 7 | D20: ='2019'!$D$5 -> 10 | E20: ='2019'!$E$5 -> 60 | F20: ='2019'!$F$5 -> 40 | G20: ='2019'!$G$5 -> 14 | H20: ='2019'!$H$5 -> 11 | I20: ='2019'!$I$5 -> 1 | J20: ='2019'!$J$5 -> 10 | K20: ='2019'!$K$5 -> 7 | L20: ='2019'!$L$5 -> 4 | M20: ='2019'!$M$5 -> 8
B21: ='2020'!$B$5 -> 4 | C21: ='2020'!$C$5 -> 3 | D21: ='2020'!$D$5 -> 14 | E21: ='2020'!$E$5 -> 18 | F21: ='2020'!$F$5 -> 106 | G21: ='2020'!$G$5 -> 4 | H21: ='2020'!$H$5 -> 9 | I21: ='2020'!$I$5 -> 5 | J21: ='2020'!$J$5 -> 4 | K21: ='2020'!$K$5 -> 1 | L21: ='2020'!$L$5 -> 6 | M21: ='2020'!$M$5 -> 0
B22: ='2021'!$B$5 -> 15 | C22: ='2021'!$C$5 -> 0 | D22: ='2021'!$D$5 -> 14 | E22: ='2021'!$E$5 -> 91 | F22: ='2021'!$F$5 -> 80 | G22: ='2021'!$G$5 -> 0 | H22: ='2021'!$H$5 -> 36 | I22: ='2021'!$I$5 -> 0 | J22: ='2021'!$J$5 -> 13 | K22: ='2021'!$K$5 -> 0 | L22: ='2021'!$L$5 -> 15 | M22: ='2021'!$M$5 -> 0
B23: ='2022'!$B$5 -> 24 | C23: ='2022'!$C$5 -> 0 | D23: ='2022'!$D$5 -> 13 | E23: ='2022'!$E$5 -> 107 | F23: ='2022'!$F$5 -> 113 | G23: ='2022'!$G$5 -> 0 | H23: ='2022'!$H$5 -> 22 | I23: ='2022'!$I$5 -> 0 | J23: ='2022'!$J$5 -> 20 | K23: ='2022'!$K$5 -> 0 | L23: ='2022'!$L$5 -> 28 | M23: ='2022'!$M$5 -> 18
B24: ='2023'!$B$5 -> 0 | C24: ='2023'!$C$5 -> 22 | D24: ='2023'!$D$5 -> 0 | E24: ='2023'!$E$5 -> 163 | F24: ='2023'!$F$5 -> 0 | G24: ='2023'!$G$5 -> 15 | H24: ='2023'!$H$5 -> 7 | I24: ='2023'!$I$5 -> 11 | J24: ='2023'!$J$5 -> 0 | K24: ='2023'!$K$5 -> 0 | L24: ='2023'!$L$5 -> 0 | M24: ='2023'!$M$5 -> 0
A25: 57210018 | B25: =SUM(B20:B24) -> 48 | C25: =SUM(C20:C24) -> 32 | D25: =SUM(D20:D24) -> 51 | E25: =SUM(E20:E24) -> 439 | F25: =SUM(F20:F24) -> 339 | G25: =SUM(G20:G24) -> 33 | H25: =SUM(H20:H24) -> 85 | I25: =SUM(I20:I24) -> 17 | ... M25: =SUM(M20:M24) -> 26
B26: ='2019'!$B$6 -> 151 | C26: ='2019'!$C$6 -> 13 | D26: ='2019'!$D$6 -> 0 | E26: ='2019'!$E$6 -> 575 | F26: ='2019'!$F$6 -> 63 | G26: ='2019'!$G$6 -> 17 | H26: ='2019'!$H$6 -> 34 | I26: ='2019'!$I$6 -> 29 | J26: ='2019'!$J$6 -> 10 | K26: ='2019'!$K$6 -> 9 | L26: ='2019'!$L$6 -> 8 | M26: ='2019'!$M$6 -> 14
B27: ='2020'!$B$6 -> 43 | C27: ='2020'!$C$6 -> 15 | D27: ='2020'!$D$6 -> 37 | E27: ='2020'!$E$6 -> 263 | F27: ='2020'!$F$6 -> 215 | G27: ='2020'!$G$6 -> 18 | H27: ='2020'!$H$6 -> 24 | I27: ='2020'!$I$6 -> 22 | J27: ='2020'!$J$6 -> 0 | K27: ='2020'!$K$6 -> 10 | L27: ='2020'!$L$6 -> 11 | M27: ='2020'!$M$6 -> 0
B28: ='2021'!$B$6 -> 60 | C28: ='2021'!$C$6 -> 0 | D28: ='2021'!$D$6 -> 0 | E28: ='2021'!$E$6 -> 315 | F28: ='2021'!$F$6 -> 105 | G28: ='2021'!$G$6 -> 0 | H28: ='2021'!$H$6 -> 37 | I28: ='2021'!$I$6 -> 0 | J28: ='2021'!$J$6 -> 23 | K28: ='2021'!$K$6 -> 0 | L28: ='2021'!$L$6 -> 19 | M28: ='2021'!$M$6 -> 0
B29: ='2022'!$B$6 -> 21 | C29: ='2022'!$C$6 -> 0 | D29: ='2022'!$D$6 -> 0 | E29: ='2022'!$E$6 -> 446 | F29: ='2022'!$F$6 -> 55 | G29: ='2022'!$G$6 -> 0 | H29: ='2022'!$H$6 -> 44 | I29: ='2022'!$I$6 -> 0 | J29: ='2022'!$J$6 -> 23 | K29: ='2022'!$K$6 -> 0 | L29: ='2022'!$L$6 -> 40 | M29: ='2022'!$M$6 -> 30
B30: ='2023'!$B$6 -> 0 | C30: ='2023'!$C$6 -> 0 | D30: ='2023'!$D$6 -> 0 | E30: ='2023'!$E$6 -> 555 | F30: ='2023'!$F$6 -> 0 | G30: ='2023'!$G$6 -> 0 | H30: ='2023'!$H$6 -> 38 | I30: ='2023'!$I$6 -> 33 | J30: ='2023'!$J$6 -> 0 | K30: ='2023'!$K$6 -> 0 | L30: ='2023'!$L$6 -> 0 | M30: ='2023'!$M$6 -> 0
A31: 17210060 | B31: =SUM(B26:B30) -> 275 | C31: =SUM(C26:C30) -> 28 | D31: =SUM(D26:D30) -> 37 | E31: =SUM(E26:E30) -> 2154 | F31: =SUM(F26:F30) -> 438 | G31: =SUM(G26:G30) -> 35 | H31: =SUM(H26:H30) -> 177 | I31: =SUM(I26:I30) -> 84 | ... M31: =SUM(M26:M30) -> 44
B32: ='2019'!$B$7 -> 1 | C32: ='2019'!$C$7 -> 3 | D32: ='2019'!$D$7 -> 0 | E32: ='2019'!$E$7 -> 25 | F32: ='2019'!$F$7 -> 0 | G32: ='2019'!$G$7 -> 2 | H32: ='2019'!$H$7 -> 5 | I32: ='2019'!$I$7 -> 7 | J32: ='2019'!$J$7 -> 0 | K32: ='2019'!$K$7 -> 7 | L32: ='2019'!$L$7 -> 0 | M32: ='2019'!$M$7 -> 0
A33: 78210106 | B33: =SUM(B32) -> 1 | C33: =SUM(C32) -> 3 | D33: =SUM(D32) -> 0 | E33: =SUM(E32) -> 25 | F33: =SUM(F32) -> 0 | G33: =SUM(G32) -> 2 | H33: =SUM(H32) -> 5 | I33: =SUM(I32) -> 7 | ... M33: =SUM(M32) -> 0
B34: ='2019'!$B$8 -> 0 | C34: ='2019'!$C$8 -> 2 | D34: ='2019'!$D$8 -> 0 | E34: ='2019'!$E$8 -> 21 | F34: ='2019'!$F$8 -> 1 | G34: ='2019'!$G$8 -> 0 | H34: ='2019'!$H$8 -> 9 | I34: ='2019'!$I$8 -> 0 | J34: ='2019'!$J$8 -> 5 | K34: ='2019'!$K$8 -> 0 | L34: ='2019'!$L$8 -> 2 | M34: ='2019'!$M$8 -> 0
A35: 13210002 | B35: =SUM(B34) -> 0 | C35: =SUM(C34) -> 2 | D35: =SUM(D34) -> 0 | E35: =SUM(E34) -> 21 | F35: =SUM(F34) -> 1 | G35: =SUM(G34) -> 0 | H35: =SUM(H34) -> 9 | I35: =SUM(I34) -> 0 | ... M35: =SUM(M34) -> 0
B36: ='2019'!$B$9 -> 12 | C36: ='2019'!$C$9 -> 4 | D36: ='2019'!$D$9 -> 7 | E36: ='2019'!$E$9 -> 106 | F36: ='2019'!$F$9 -> 17 | G36: ='2019'!$G$9 -> 2 | H36: ='2019'!$H$9 -> 15 | I36: ='2019'!$I$9 -> 0 | J36: ='2019'!$J$9 -> 7 | K36: ='2019'!$K$9 -> 11 | L36: ='2019'!$L$9 -> 0 | M36: ='2019'!$M$9 -> 0
B37: ='2020'!$B$7 -> 10 | C37: ='2020'!$C$7 -> 0 | D37: ='2020'!$D$7 -> 13 | E37: ='2020'!$E$7 -> 0 | F37: ='2020'!$F$7 -> 145 | G37: ='2020'!$G$7 -> 42 | H37: ='2020'!$H$7 -> 1 | I37: ='2020'!$I$7 -> 8 | J37: ='2020'!$J$7 -> 5 | K37: ='2020'!$K$7 -> 0 | L37: ='2020'!$L$7 -> 3 | M37: ='2020'!$M$7 -> 0
B38: ='2021'!$B$7 -> 0 | C38: ='2021'!$C$7 -> 0 | D38: ='2021'!$D$7 -> 0 | E38: ='2021'!$E$7 -> 92 | F38: ='2021'!$F$7 -> 66 | G38: ='2021'!$G$7 -> 0 | H38: ='2021'!$H$7 -> 12 | I38: ='2021'!$I$7 -> 0 | J38: ='2021'!$J$7 -> 16 | K38: ='2021'!$K$7 -> 0 | L38: ='2021'!$L$7 -> 5 | M38: ='2021'!$M$7 -> 0
B39: ='2022'!$B$7 -> 11 | C39: ='2022'!$C$7 -> 0 | D39: ='2022'!$D$7 -> 0 | E39: ='2022'!$E$7 -> 82 | F39: ='2022'!$F$7 -> 52 | G39: ='2022'!$G$7 -> 0 | H39: ='2022'!$H$7 -> 22 | I39: ='2022'!$I$7 -> 0 | J39: ='2022'!$J$7 -> 0 | K39: ='2022'!$K$7 -> 0 | L39: ='2022'!$L$7 -> 25 | M39: ='2022'!$M$7 -> 2
B40: ='2023'!$B$7 -> 0 | C40: ='2023'!$C$7 -> 25 | D40: ='2023'!$D$7 -> 0 | E40: ='2023'!$E$7 -> 59 | F40: ='2023'!$F$7 -> 0 | G40: ='2023'!$G$7 -> 2 | H40: ='2023'!$H$7 -> 1 | I40: ='2023'!$I$7 -> 0 | J40: ='2023'!$J$7 -> 0 | K40: ='2023'!$K$7 -> 0 | L40: ='2023'!$L$7 -> 0 | M40: ='2023'!$M$7 -> 0
A41: 13210003 | B41: =SUM(B36:B40) -> 33 | C41: =SUM(C36:C40) -> 29 | D41: =SUM(D36:D40) -> 20 | E41: =SUM(E36:E40) -> 339 | F41: =SUM(F36:F40) -> 280 | G41: =SUM(G36:G40) -> 46 | H41: =SUM(H36:H40) -> 51 | I41: =SUM(I36:I40) -> 8 | ... M41: =SUM(M36:M40) -> 2
B42: ='2019'!$B$10 -> 18 | C42: ='2019'!$C$10 -> 10 | D42: ='2019'!$D$10 -> 50 | E42: ='2019'!$E$10 -> 67 | F42: ='2019'!$F$10 -> 10 | G42: ='2019'!$G$10 -> 9 | H42: ='2019'!$H$10 -> 5 | I42: ='2019'!$I$10 -> 8 | J42: ='2019'!$J$10 -> 4 | K42: ='2019'!$K$10 -> 6 | L42: ='2019'!$L$10 -> 3 | M42: ='2019'!$M$10 -> 5
B43: ='2020'!$B$8 -> 6 | C43: ='2020'!$C$8 -> 7 | D43: ='2020'!$D$8 -> 35 | E43: ='2020'!$E$8 -> 40 | F43: ='2020'!$F$8 -> 30 | G43: ='2020'!$G$8 -> 12 | H43: ='2020'!$H$8 -> 7 | I43: ='2020'!$I$8 -> 7 | J43: ='2020'!$J$8 -> 3 | K43: ='2020'!$K$8 -> 7 | L43: ='2020'!$L$8 -> 9 | M43: ='2020'!$M$8 -> 0
B44: ='2021'!$B$8 -> 32 | C44: ='2021'!$C$8 -> 0 | D44: ='2021'!$D$8 -> 12 | E44: ='2021'!$E$8 -> 82 | F44: ='2021'!$F$8 -> 25 | G44: ='2021'!$G$8 -> 0 | H44: ='2021'!$H$8 -> 15 | I44: ='2021'!$I$8 -> 0 | J44: ='2021'!$J$8 -> 14 | K44: ='2021'!$K$8 -> 0 | L44: ='2021'!$L$8 -> 0 | M44: ='2021'!$M$8 -> 0
B45: ='2022'!$B$8 -> 23 | C45: ='2022'!$C$8 -> 0 | D45: ='2022'!$D$8 -> 5 | E45: ='2022'!$E$8 -> 65 | F45: ='2022'!$F$8 -> 33 | G45: ='2022'!$G$8 -> 0 | H45: ='2022'!$H$8 -> 22 | I45: ='2022'!$I$8 -> 0 | J45: ='2022'!$J$8 -> 21 | K45: ='2022'!$K$8 -> 0 | L45: ='2022'!$L$8 -> 35 | M45: ='2022'!$M$8 -> 13
B46: ='2023'!$B$8 -> 0 | C46: ='2023'!$C$8 -> 46 | D46: ='2023'!$D$8 -> 0 | E46: ='2023'!$E$8 -> 88 | F46: ='2023'!$F$8 -> 0 | G46: ='2023'!$G$8 -> 12 | H46: ='2023'!$H$8 -> 7 | I46: ='2023'!$I$8 -> 13 | J46: ='2023'!$J$8 -> 0 | K46: ='2023'!$K$8 -> 0 | L46: ='2023'!$L$8 -> 0 | M46: ='2023'!$M$8 -> 0
A47: 37210001 | B47: =SUM(B42:B46) -> 79 | C47: =SUM(C42:C46) -> 63 | D47: =SUM(D42:D46) -> 102 | E47: =SUM(E42:E46) -> 342 | F47: =SUM(F42:F46) -> 98 | G47: =SUM(G42:G46) -> 33 | H47: =SUM(H42:H46) -> 56 | I47: =SUM(I42:I46) -> 28 | ... M47: =SUM(M42:M46) -> 18
B48: ='2019'!$B$11 -> 4 | C48: ='2019'!$C$11 -> 6 | D48: ='2019'!$D$11 -> 9 | E48: ='2019'!$E$11 -> 22 | F48: ='2019'!$F$11 -> 11 | G48: ='2019'!$G$11 -> 2 | H48: ='2019'!$H$11 -> 7 | I48: ='2019'!$I$11 -> 8 | J48: ='2019'!$J$11 -> 8 | K48: ='2019'!$K$11 -> 3 | L48: ='2019'!$L$11 -> 11 | M48: ='2019'!$M$11 -> 1
B49: ='2020'!$B$9 -> 0 | C49: ='2020'!$C$9 -> 1 | D49: ='2020'!$D$9 -> 8 | E49: ='2020'!$E$9 -> 0 | F49: ='2020'!$F$9 -> 15 | G49: ='2020'!$G$9 -> 1 | H49: ='2020'!$H$9 -> 4 | I49: ='2020'!$I$9 -> 0 | J49: ='2020'!$J$9 -> 5 | K49: ='2020'!$K$9 -> 13 | L49: ='2020'!$L$9 -> 17 | M49: ='2020'!$M$9 -> 0
B50: ='2021'!$B$9 -> 3 | C50: ='2021'!$C$9 -> 0 | D50: ='2021'!$D$9 -> 0 | E50: ='2021'!$E$9 -> 109 | F50: ='2021'!$F$9 -> 14 | G50: ='2021'!$G$9 -> 0 | H50: ='2021'!$H$9 -> 7 | I50: ='2021'!$I$9 -> 0 | J50: ='2021'!$J$9 -> 19 | K50: ='2021'!$K$9 -> 0 | L50: ='2021'!$L$9 -> 14 | M50: ='2021'!$M$9 -> 0
B51: ='2022'!$B$9 -> 52 | C51: ='2022'!$C$9 -> 0 | D51: ='2022'!$D$9 -> 0 | E51: ='2022'!$E$9 -> 59 | F51: ='2022'!$F$9 -> 18 | G51: ='2022'!$G$9 -> 0 | H51: ='2022'!$H$9 -> 29 | I51: ='2022'!$I$9 -> 0 | J51: ='2022'!$J$9 -> 9 | K51: ='2022'!$K$9 -> 0 | L51: ='2022'!$L$9 -> 16 | M51: ='2022'!$M$9 -> 84
B52: ='2023'!$B$9 -> 0 | C52: ='2023'!$C$9 -> 43 | D52: ='2023'!$D$9 -> 0 | E52: ='2023'!$E$9 -> 67 | F52: ='2023'!$F$9 -> 0 | G52: ='2023'!$G$9 -> 0 | H52: ='2023'!$H$9 -> 28 | I52: ='2023'!$I$9 -> 9 | J52: ='2023'!$J$9 -> 0 | K52: ='2023'!$K$9 -> 0 | L52: ='2023'!$L$9 -> 0 | M52: ='2023'!$M$9 -> 0
A53: 34210010 | B53: =SUM(B48:B52) -> 59 | C53: =SUM(C48:C52) -> 50 | D53: =SUM(D48:D52) -> 17 | E53: =SUM(E48:E52) -> 257 | F53: =SUM(F48:F52) -> 58 | G53: =SUM(G48:G52) -> 3 | H53: =SUM(H48:H52) -> 75 | I53: =SUM(I48:I52) -> 17 | ... M53: =SUM(M48:M52) -> 85
B54: ='2019'!$B$12 -> 9 | C54: ='2019'!$C$12 -> 0 | D54: ='2019'!$D$12 -> 25 | E54: ='2019'!$E$12 -> 35 | F54: ='2019'!$F$12 -> 18 | G54: ='2019'!$G$12 -> 6 | H54: ='2019'!$H$12 -> 7 | I54: ='2019'!$I$12 -> 11 | J54: ='2019'!$J$12 -> 0 | K54: ='2019'!$K$12 -> 1 | L54: ='2019'!$L$12 -> 0 | M54: ='2019'!$M$12 -> 0
B55: ='2020'!$B$10 -> 1 | C55: ='2020'!$C$10 -> 1 | D55: ='2020'!$D$10 -> 4 | E55: ='2020'!$E$10 -> 10 | F55: ='2020'!$F$10 -> 21 | G55: ='2020'!$G$10 -> 0 | H55: ='2020'!$H$10 -> 18 | I55: ='2020'!$I$10 -> 8 | J55: ='2020'!$J$10 -> 9 | K55: ='2020'!$K$10 -> 6 | L55: ='2020'!$L$10 -> 22 | M55: ='2020'!$M$10 -> 0
B56: ='2021'!$B$10 -> 34 | C56: ='2021'!$C$10 -> 0 | D56: ='2021'!$D$10 -> 0 | E56: ='2021'!$E$10 -> 29 | F56: ='2021'!$F$10 -> 63 | G56: ='2021'!$G$10 -> 0 | H56: ='2021'!$H$10 -> 0 | I56: ='2021'!$I$10 -> 0 | J56: ='2021'!$J$10 -> 0 | K56: ='2021'!$K$10 -> 0 | L56: ='2021'!$L$10 -> 16 | M56: ='2021'!$M$10 -> 0
B57: ='2022'!$B$10 -> 38 | C57: ='2022'!$C$10 -> 0 | D57: ='2022'!$D$10 -> 0 | E57: ='2022'!$E$10 -> 29 | F57: ='2022'!$F$10 -> 24 | G57: ='2022'!$G$10 -> 0 | H57: ='2022'!$H$10 -> 0 | I57: ='2022'!$I$10 -> 0 | J57: ='2022'!$J$10 -> 21 | K57: ='2022'!$K$10 -> 0 | L57: ='2022'!$L$10 -> 34 | M57: ='2022'!$M$10 -> 19
B58: ='2023'!$B$10 -> 0 | C58: ='2023'!$C$10 -> 0 | D58: ='2023'!$D$10 -> 0 | E58: ='2023'!$E$10 -> 43 | F58: ='2023'!$F$10 -> 0 | G58: ='2023'!$G$10 -> 0 | H58: ='2023'!$H$10 -> 27 | I58: ='2023'!$I$10 -> 0 | J58: ='2023'!$J$10 -> 0 | K58: ='2023'!$K$10 -> 0 | L58: ='2023'!$L$10 -> 0 | M58: ='2023'!$M$10 -> 0
A59: 15210008 | B59: =SUM(B54:B58) -> 82 | C59: =SUM(C54:C58) -> 1 | D59: =SUM(D54:D58) -> 29 | E59: =SUM(E54:E58) -> 146 | F59: =SUM(F54:F58) -> 126 | G59: =SUM(G54:G58) -> 6 | H59: =SUM(H54:H58) -> 52 | I59: =SUM(I54:I58) -> 19 | ... M59: =SUM(M54:M58) -> 19
B60: ='2019'!$B$13 -> 0 | C60: ='2019'!$C$13 -> 6 | D60: ='2019'!$D$13 -> 8 | E60: ='2019'!$E$13 -> 24 | F60: ='2019'!$F$13 -> 9 | G60: ='2019'!$G$13 -> 4 | H60: ='2019'!$H$13 -> 5 | I60: ='2019'!$I$13 -> 3 | J60: ='2019'!$J$13 -> 0 | K60: ='2019'!$K$13 -> 15 | L60: ='2019'!$L$13 -> 2 | M60: ='2019'!$M$13 -> 1
B61: ='2020'!$B$11 -> 3 | C61: ='2020'!$C$11 -> 4 | D61: ='2020'!$D$11 -> 11 | E61: ='2020'!$E$11 -> 12 | F61: ='2020'!$F$11 -> 19 | G61: ='2020'!$G$11 -> 9 | H61: ='2020'!$H$11 -> 4 | I61: ='2020'!$I$11 -> 3 | J61: ='2020'!$J$11 -> 2 | K61: ='2020'!$K$11 -> 1 | L61: ='2020'!$L$11 -> 10 | M61: ='2020'!$M$11 -> 0
B62: ='2021'!$B$11 -> 7 | C62: ='2021'!$C$11 -> 0 | D62: ='2021'!$D$11 -> 3 | E62: ='2021'!$E$11 -> 21 | F62: ='2021'!$F$11 -> 10 | G62: ='2021'!$G$11 -> 0 | H62: ='2021'!$H$11 -> 20 | I62: ='2021'!$I$11 -> 0 | J62: ='2021'!$J$11 -> 5 | K62: ='2021'!$K$11 -> 0 | L62: ='2021'!$L$11 -> 18 | M62: ='2021'!$M$11 -> 0
B63: ='2022'!$B$11 -> 9 | C63: ='2022'!$C$11 -> 0 | D63: ='2022'!$D$11 -> 9 | E63: ='2022'!$E$11 -> 20 | F63: ='2022'!$F$11 -> 4 | G63: ='2022'!$G$11 -> 0 | H63: ='2022'!$H$11 -> 19 | I63: ='2022'!$I$11 -> 0 | J63: ='2022'!$J$11 -> 7 | K63: ='2022'!$K$11 -> 0 | L63: ='2022'!$L$11 -> 31 | M63: ='2022'!$M$11 -> 4
B64: ='2023'!$B$11 -> 0 | C64: ='2023'!$C$11 -> 5 | D64: ='2023'!$D$11 -> 0 | E64: ='2023'!$E$11 -> 22 | F64: ='2023'!$F$11 -> 0 | G64: ='2023'!$G$11 -> 12 | H64: ='2023'!$H$11 -> 3 | I64: ='2023'!$I$11 -> 8 | J64: ='2023'!$J$11 -> 0 | K64: ='2023'!$K$11 -> 0 | L64: ='2023'!$L$11 -> 0 | M64: ='2023'!$M$11 -> 0
A65: 78210122 | B65: =SUM(B60:B64) -> 19 | C65: =SUM(C60:C64) -> 15 | D65: =SUM(D60:D64) -> 31 | E65: =SUM(E60:E64) -> 99 | F65: =SUM(F60:F64) -> 42 | G65: =SUM(G60:G64) -> 25 | H65: =SUM(H60:H64) -> 51 | I65: =SUM(I60:I64) -> 14 | ... M65: =SUM(M60:M64) -> 5
B66: ='2019'!$B$14 -> 2 | C66: ='2019'!$C$14 -> 4 | D66: ='2019'!$D$14 -> 5 | E66: ='2019'!$E$14 -> 11 | F66: ='2019'!$F$14 -> 10 | G66: ='2019'!$G$14 -> 10 | H66: ='2019'!$H$14 -> 7 | I66: ='2019'!$I$14 -> 13 | J66: ='2019'!$J$14 -> 8 | K66: ='2019'!$K$14 -> 16 | L66: ='2019'!$L$14 -> 14 | M66: ='2019'!$M$14 -> 2
B67: ='2020'!$B$12 -> 9 | C67: ='2020'!$C$12 -> 6 | D67: ='2020'!$D$12 -> 11 | E67: ='2020'!$E$12 -> 0 | F67: ='2020'!$F$12 -> 35 | G67: ='2020'!$G$12 -> 6 | H67: ='2020'!$H$12 -> 7 | I67: ='2020'!$I$12 -> 9 | J67: ='2020'!$J$12 -> 3 | K67: ='2020'!$K$12 -> 11 | L67: ='2020'!$L$12 -> 4 | M67: ='2020'!$M$12 -> 0
B68: ='2021'!$B$12 -> 2 | C68: ='2021'!$C$12 -> 0 | D68: ='2021'!$D$12 -> 0 | E68: ='2021'!$E$12 -> 3 | F68: ='2021'!$F$12 -> 12 | G68: ='2021'!$G$12 -> 0 | H68: ='2021'!$H$12 -> 5 | I68: ='2021'!$I$12 -> 0 | J68: ='2021'!$J$12 -> 7 | K68: ='2021'!$K$12 -> 0 | L68: ='2021'!$L$12 -> 2 | M68: ='2021'!$M$12 -> 0
B69: ='2022'!$B$12 -> 8 | C69: ='2022'!$C$12 -> 0 | D69: ='2022'!$D$12 -> 0 | E69: ='2022'!$E$12 -> 25 | F69: ='2022'!$F$12 -> 5 | G69: ='2022'!$G$12 -> 0 | H69: ='2022'!$H$12 -> 6 | I69: ='2022'!$I$12 -> 0 | J69: ='2022'!$J$12 -> 18 | K69: ='2022'!$K$12 -> 0 | L69: ='2022'!$L$12 -> 41 | M69: ='2022'!$M$12 -> 0
B70: ='2023'!$B$12 -> 0 | C70: ='2023'!$C$12 -> 22 | D70: ='2023'!$D$12 -> 0 | E70: ='2023'!$E$12 -> 49 | F70: ='2023'!$F$12 -> 0 | G70: ='2023'!$G$12 -> 0 | H70: ='2023'!$H$12 -> 22 | I70: ='2023'!$I$12 -> 20 | J70: ='2023'!$J$12 -> 0 | K70: ='2023'!$K$12 -> 0 | L70: ='2023'!$L$12 -> 0 | M70: ='2023'!$M$12 -> 0
A71: 78210188 | B71: =SUM(B66:B70) -> 21 | C71: =SUM(C66:C70) -> 32 | D71: =SUM(D66:D70) -> 16 | E71: =SUM(E66:E70) -> 88 | F71: =SUM(F66:F70) -> 62 | G71: =SUM(G66:G70) -> 16 | H71: =SUM(H66:H70) -> 47 | I71: =SUM(I66:I70) -> 42 | ... M71: =SUM(M66:M70) -> 2
B72: ='2019'!$B$15 -> 35 | C72: ='2019'!$C$15 -> 0 | D72: ='2019'!$D$15 -> 53 | E72: ='2019'!$E$15 -> 105 | F72: ='2019'!$F$15 -> 30 | G72: ='2019'!$G$15 -> 20 | H72: ='2019'!$H$15 -> 22 | I72: ='2019'!$I$15 -> 29 | J72: ='2019'!$J$15 -> 11 | K72: ='2019'!$K$15 -> 8 | L72: ='2019'!$L$15 -> 3 | M72: ='2019'!$M$15 -> 0
B73: ='2020'!$B$13 -> 29 | C73: ='2020'!$C$13 -> 8 | D73: ='2020'!$D$13 -> 65 | E73: ='2020'!$E$13 -> 40 | F73: ='2020'!$F$13 -> 39 | G73: ='2020'!$G$13 -> 12 | H73: ='2020'!$H$13 -> 5 | I73: ='2020'!$I$13 -> 12 | J73: ='2020'!$J$13 -> 12 | K73: ='2020'!$K$13 -> 6 | L73: ='2020'!$L$13 -> 0 | M73: ='2020'!$M$13 -> 0
B74: ='2021'!$B$13 -> 38 | C74: ='2021'!$C$13 -> 0 | D74: ='2021'!$D$13 -> 0 | E74: ='2021'!$E$13 -> 153 | F74: ='2021'!$F$13 -> 32 | G74: ='2021'!$G$13 -> 0 | H74: ='2021'!$H$13 -> 31 | I74: ='2021'!$I$13 -> 0 | J74: ='2021'!$J$13 -> 39 | K74: ='2021'!$K$13 -> 0 | L74: ='2021'!$L$13 -> 22 | M74: ='2021'!$M$13 -> 0
B75: ='2022'!$B$13 -> 38 | C75: ='2022'!$C$13 -> 0 | D75: ='2022'!$D$13 -> 0 | E75: ='2022'!$E$13 -> 216 | F75: ='2022'!$F$13 -> 55 | G75: ='2022'!$G$13 -> 0 | H75: ='2022'!$H$13 -> 16 | I75: ='2022'!$I$13 -> 0 | J75: ='2022'!$J$13 -> 25 | K75: ='2022'!$K$13 -> 0 | L75: ='2022'!$L$13 -> 15 | M75: ='2022'!$M$13 -> 10
B76: ='2023'!$B$13 -> 0 | C76: ='2023'!$C$13 -> 80 | D76: ='2023'!$D$13 -> 0 | E76: ='2023'!$E$13 -> 92 | F76: ='2023'!$F$13 -> 0 | G76: ='2023'!$G$13 -> 11 | H76: ='2023'!$H$13 -> 13 | I76: ='2023'!$I$13 -> 24 | J76: ='2023'!$J$13 -> 0 | K76: ='2023'!$K$13 -> 0 | L76: ='2023'!$L$13 -> 0 | M76: ='2023'!$M$13 -> 0
A77: 52210005 | B77: =SUM(B72:B76) -> 140 | C77: =SUM(C72:C76) -> 88 | D77: =SUM(D72:D76) -> 118 | E77: =SUM(E72:E76) -> 606 | F77: =SUM(F72:F76) -> 156 | G77: =SUM(G72:G76) -> 43 | H77: =SUM(H72:H76) -> 87 | I77: =SUM(I72:I76) -> 65 | ... M77: =SUM(M72:M76) -> 10
B78: ='2019'!$B$16 -> 13 | C78: ='2019'!$C$16 -> 5 | D78: ='2019'!$D$16 -> 16 | E78: ='2019'!$E$16 -> 116 | F78: ='2019'!$F$16 -> 13 | G78: ='2019'!$G$16 -> 0 | H78: ='2019'!$H$16 -> 14 | I78: ='2019'!$I$16 -> 6 | J78: ='2019'!$J$16 -> 0 | K78: ='2019'!$K$16 -> 1 | L78: ='2019'!$L$16 -> 7 | M78: ='2019'!$M$16 -> 0
B79: ='2020'!$B$14 -> 26 | C79: ='2020'!$C$14 -> 10 | D79: ='2020'!$D$14 -> 10 | E79: ='2020'!$E$14 -> 87 | F79: ='2020'!$F$14 -> 33 | G79: ='2020'!$G$14 -> 5 | H79: ='2020'!$H$14 -> 7 | I79: ='2020'!$I$14 -> 7 | J79: ='2020'!$J$14 -> 13 | K79: ='2020'!$K$14 -> 0 | L79: ='2020'!$L$14 -> 8 | M79: ='2020'!$M$14 -> 0
B80: ='2021'!$B$14 -> 29 | C80: ='2021'!$C$14 -> 0 | D80: ='2021'!$D$14 -> 0 | E80: ='2021'!$E$14 -> 113 | F80: ='2021'!$F$14 -> 18 | G80: ='2021'!$G$14 -> 0 | H80: ='2021'!$H$14 -> 20 | I80: ='2021'!$I$14 -> 0 | J80: ='2021'!$J$14 -> 22 | K80: ='2021'!$K$14 -> 0 | L80: ='2021'!$L$14 -> 9 | M80: ='2021'!$M$14 -> 0
B81: ='2022'!$B$14 -> 13 | C81: ='2022'!$C$14 -> 0 | D81: ='2022'!$D$14 -> 0 | E81: ='2022'!$E$14 -> 118 | F81: ='2022'!$F$14 -> 44 | G81: ='2022'!$G$14 -> 0 | H81: ='2022'!$H$14 -> 17 | I81: ='2022'!$I$14 -> 0 | J81: ='2022'!$J$14 -> 24 | K81: ='2022'!$K$14 -> 0 | L81: ='2022'!$L$14 -> 12 | M81: ='2022'!$M$14 -> 20
B82: ='2023'!$B$14 -> 0 | C82: ='2023'!$C$14 -> 14 | D82: ='2023'!$D$14 -> 0 | E82: ='2023'!$E$14 -> 181 | F82: ='2023'!$F$14 -> 0 | G82: ='2023'!$G$14 -> 0 | H82: ='2023'!$H$14 -> 42 | I82: ='2023'!$I$14 -> 20 | J82: ='2023'!$J$14 -> 0 | K82: ='2023'!$K$14 -> 0 | L82: ='2023'!$L$14 -> 0 | M82: ='2023'!$M$14 -> 0
A83: 46210009 | B83: =SUM(B78:B82) -> 81 | C83: =SUM(C78:C82) -> 29 | D83: =SUM(D78:D82) -> 26 | E83: =SUM(E78:E82) -> 615 | F83: =SUM(F78:F82) -> 108 | G83: =SUM(G78:G82) -> 5 | H83: =SUM(H78:H82) -> 100 | I83: =SUM(I78:I82) -> 33 | ... M83: =SUM(M78:M82) -> 20
B84: ='2019'!$B$17 -> 0 | C84: ='2019'!$C$17 -> 13 | D84: ='2019'!$D$17 -> 5 | E84: ='2019'!$E$17 -> 30 | F84: ='2019'!$F$17 -> 25 | G84: ='2019'!$G$17 -> 27 | H84: ='2019'!$H$17 -> 7 | I84: ='2019'!$I$17 -> 10 | J84: ='2019'!$J$17 -> 6 | K84: ='2019'!$K$17 -> 5 | L84: ='2019'!$L$17 -> 12 | M84: ='2019'!$M$17 -> 3
B85: ='2020'!$B$15 -> 5 | C85: ='2020'!$C$15 -> 4 | D85: ='2020'!$D$15 -> 2 | E85: ='2020'!$E$15 -> 3 | F85: ='2020'!$F$15 -> 21 | G85: ='2020'!$G$15 -> 13 | H85: ='2020'!$H$15 -> 7 | I85: ='2020'!$I$15 -> 6 | J85: ='2020'!$J$15 -> 2 | K85: ='2020'!$K$15 -> 31 | L85: ='2020'!$L$15 -> 18 | M85: ='2020'!$M$15 -> 0
B86: ='2021'!$B$15 -> 19 | C86: ='2021'!$C$15 -> 0 | D86: ='2021'!$D$15 -> 0 | E86: ='2021'!$E$15 -> 31 | F86: ='2021'!$F$15 -> 36 | G86: ='2021'!$G$15 -> 0 | H86: ='2021'!$H$15 -> 16 | I86: ='2021'!$I$15 -> 0 | J86: ='2021'!$J$15 -> 12 | K86: ='2021'!$K$15 -> 0 | L86: ='2021'!$L$15 -> 11 | M86: ='2021'!$M$15 -> 0
B87: ='2022'!$B$15 -> 10 | C87: ='2022'!$C$15 -> 0 | D87: ='2022'!$D$15 -> 0 | E87: ='2022'!$E$15 -> 22 | F87: ='2022'!$F$15 -> 54 | G87: ='2022'!$G$15 -> 0 | H87: ='2022'!$H$15 -> 21 | I87: ='2022'!$I$15 -> 0 | J87: ='2022'!$J$15 -> 7 | K87: ='2022'!$K$15 -> 0 | L87: ='2022'!$L$15 -> 9 | M87: ='2022'!$M$15 -> 20
B88: ='2023'!$B$15 -> 0 | C88: ='2023'!$C$15 -> 10 | D88: ='2023'!$D$15 -> 0 | E88: ='2023'!$E$15 -> 54 | F88: ='2023'!$F$15 -> 0 | G88: ='2023'!$G$15 -> 0 | H88: ='2023'!$H$15 -> 28 | I88: ='2023'!$I$15 -> 9 | J88: ='2023'!$J$15 -> 0 | K88: ='2023'!$K$15 -> 0 | L88: ='2023'!$L$15 -> 0 | M88: ='2023'!$M$15 -> 0
A89: 14210008 | B89: =SUM(B84:B88) -> 34 | C89: =SUM(C84:C88) -> 27 | D89: =SUM(D84:D88) -> 7 | E89: =SUM(E84:E88) -> 140 | F89: =SUM(F84:F88) -> 136 | G89: =SUM(G84:G88) -> 40 | H89: =SUM(H84:H88) -> 79 | I89: =SUM(I84:I88) -> 25 | ... M89: =SUM(M84:M88) -> 23
B90: ='2019'!$B$18 -> 3 | C90: ='2019'!$C$18 -> 0 | D90: ='2019'!$D$18 -> 9 | E90: ='2019'!$E$18 -> 42 | F90: ='2019'!$F$18 -> 10 | G90: ='2019'!$G$18 -> 9 | H90: ='2019'!$H$18 -> 3 | I90: ='2019'!$I$18 -> 3 | J90: ='2019'!$J$18 -> 8 | K90: ='2019'!$K$18 -> 1 | L90: ='2019'!$L$18 -> 2 | M90: ='2019'!$M$18 -> 3
B91: ='2020'!$B$16 -> 14 | C91: ='2020'!$C$16 -> 2 | D91: ='2020'!$D$16 -> 22 | E91: ='2020'!$E$16 -> 15 | F91: ='2020'!$F$16 -> 26 | G91: ='2020'!$G$16 -> 10 | H91: ='2020'!$H$16 -> 5 | I91: ='2020'!$I$16 -> 7 | J91: ='2020'!$J$16 -> 0 | K91: ='2020'!$K$16 -> 3 | L91: ='2020'!$L$16 -> 0 | M91: ='2020'!$M$16 -> 0
B92: ='2021'!$B$16 -> 12 | C92: ='2021'!$C$16 -> 0 | D92: ='2021'!$D$16 -> 0 | E92: ='2021'!$E$16 -> 32 | F92: ='2021'!$F$16 -> 28 | G92: ='2021'!$G$16 -> 0 | H92: ='2021'!$H$16 -> 16 | I92: ='2021'!$I$16 -> 0 | J92: ='2021'!$J$16 -> 31 | K92: ='2021'!$K$16 -> 0 | L92: ='2021'!$L$16 -> 3 | M92: ='2021'!$M$16 -> 0
B93: ='2022'!$B$16 -> 3 | C93: ='2022'!$C$16 -> 0 | D93: ='2022'!$D$16 -> 0 | E93: ='2022'!$E$16 -> 12 | F93: ='2022'!$F$16 -> 27 | G93: ='2022'!$G$16 -> 0 | H93: ='2022'!$H$16 -> 6 | I93: ='2022'!$I$16 -> 0 | J93: ='2022'!$J$16 -> 2 | K93: ='2022'!$K$16 -> 0 | L93: ='2022'!$L$16 -> 50 | M93: ='2022'!$M$16 -> 0
B94: ='2023'!$B$16 -> 0 | C94: ='2023'!$C$16 -> 0 | D94: ='2023'!$D$16 -> 0 | E94: ='2023'!$E$16 -> 39 | F94: ='2023'!$F$16 -> 0 | G94: ='2023'!$G$16 -> 0 | H94: ='2023'!$H$16 -> 0 | I94: ='2023'!$I$16 -> 0 | J94: ='2023'!$J$16 -> 0 | K94: ='2023'!$K$16 -> 0 | L94: ='2023'!$L$16 -> 0 | M94: ='2023'!$M$16 -> 0
A95: 25210015 | B95: =SUM(B90:B94) -> 32 | C95: =SUM(C90:C94) -> 2 | D95: =SUM(D90:D94) -> 31 | E95: =SUM(E90:E94) -> 140 | F95: =SUM(F90:F94) -> 91 | G95: =SUM(G90:G94) -> 19 | H95: =SUM(H90:H94) -> 30 | I95: =SUM(I90:I94) -> 10 | ... M95: =SUM(M90:M94) -> 3
B96: ='2019'!$B$19 -> 0 | C96: ='2019'!$C$19 -> 2 | D96: ='2019'!$D$19 -> 0 | E96: ='2019'!$E$19 -> 5 | F96: ='2019'!$F$19 -> 8 | G96: ='2019'!$G$19 -> 0 | H96: ='2019'!$H$19 -> 4 | I96: ='2019'!$I$19 -> 0 | J96: ='2019'!$J$19 -> 0 | K96: ='2019'!$K$19 -> 0 | L96: ='2019'!$L$19 -> 0 | M96: ='2019'!$M$19 -> 0
B97: ='2020'!$B$17 -> 2 | C97: ='2020'!$C$17 -> 0 | D97: ='2020'!$D$17 -> 0 | E97: ='2020'!$E$17 -> 0 | F97: ='2020'!$F$17 -> 16 | G97: ='2020'!$G$17 -> 0 | H97: ='2020'!$H$17 -> 4 | I97: ='2020'!$I$17 -> 0 | J97: ='2020'!$J$17 -> 0 | K97: ='2020'!$K$17 -> 2 | L97: ='2020'!$L$17 -> 0 | M97: ='2020'!$M$17 -> 0
A98: 47210001 | B98: =SUM(B96:B97) -> 2 | C98: =SUM(C96:C97) -> 2 | D98: =SUM(D96:D97) -> 0 | E98: =SUM(E96:E97) -> 5 | F98: =SUM(F96:F97) -> 24 | G98: =SUM(G96:G97) -> 0 | H98: =SUM(H96:H97) -> 8 | I98: =SUM(I96:I97) -> 0 | ... M98: =SUM(M96:M97) -> 0
B99: ='2019'!$B$20 -> 3 | C99: ='2019'!$C$20 -> 3 | D99: ='2019'!$D$20 -> 14 | E99: ='2019'!$E$20 -> 45 | F99: ='2019'!$F$20 -> 8 | G99: ='2019'!$G$20 -> 4 | H99: ='2019'!$H$20 -> 7 | I99: ='2019'!$I$20 -> 7 | J99: ='2019'!$J$20 -> 1 | K99: ='2019'!$K$20 -> 3 | L99: ='2019'!$L$20 -> 5 | M99: ='2019'!$M$20 -> 3
B100: ='2020'!$B$18 -> 3 | C100: ='2020'!$C$18 -> 1 | D100: ='2020'!$D$18 -> 12 | E100: ='2020'!$E$18 -> 27 | F100: ='2020'!$F$18 -> 22 | G100: ='2020'!$G$18 -> 6 | H100: ='2020'!$H$18 -> 1 | I100: ='2020'!$I$18 -> 2 | J100: ='2020'!$J$18 -> 3 | K100: ='2020'!$K$18 -> 1 | L100: ='2020'!$L$18 -> 0 | M100: ='2020'!$M$18 -> 0
...
